timestamp,drone_id,role,mode,x,y,z,target_x,target_y,target_z,error_x,error_y,error_z,rc_lr,rc_fb,rc_ud,rc_yaw,trust,obs_error_x,obs_error_y,obs_error_z,obs_state_x,obs_state_y,obs_state_z,cbf_fire_flag,rc_safe_x,rc_safe_z,rc_diff_norm,qp_status,active_constraint_id,rc_nom_x,rc_nom_z,h_x,HOh_x
1756275744.360842,0,leader,manual,0.08567315340042114,0.05725525692105293,-0.4633534550666809,0,1,0,-0.08567315340042114,0.9427447430789471,0.4633534550666809,0,0,0,0,1.0,0.0,0.0,0.0,0.0,0.0,0.0,False,,,,,,,,,
1756275744.4614975,1,follower,manual,0.12445855885744095,0.049792420119047165,0.5111413598060608,0,1,1,-0.12445855885744095,0.9502075798809528,0.4888586401939392,0,0,0,0,1.0,0.0,0.0,0.0,0.0,0.0,0.0,False,,,,,,,,,
1756275744.5636177,0,leader,manual,0.08567608892917633,0.057248540222644806,-0.46334877610206604,0,1,0,-0.08567608892917633,0.9427514597773552,0.46334877610206604,0,0,0,0,1.0,0.0,0.0,0.0,0.0,0.0,0.0,False,,,,,,,,,
1756275744.6640816,1,follower,manual,0.12445591390132904,0.04979921504855156,0.5111241340637207,0,1,1,-0.12445591390132904,0.9502007849514484,0.4888758659362793,0,0,0,0,1.0,0.0,0.0,0.0,0.0,0.0,0.0,False,,,,,,,,,
1756275744.766105,0,leader,manual,0.08567287772893906,0.0572449155151844,-0.46337392926216125,0,1,0,-0.08567287772893906,0.9427550844848156,0.46337392926216125,0,0,0,0,1.0,0.0,0.0,0.0,0.0,0.0,0.0,False,,,,,,,,,
1756275744.8665764,1,follower,manual,0.12446150928735733,0.049774784594774246,0.5111251473426819,0,1,1,-0.12446150928735733,0.9502252154052258,0.4888748526573181,0,0,0,0,1.0,0.0,0.0,0.0,0.0,0.0,0.0,False,,,,,,,,,
1756275744.9697738,0,leader,manual,0.08567523956298828,0.057256534695625305,-0.4633563756942749,0,1,0,-0.08567523956298828,0.9427434653043747,0.4633563756942749,0,0,0,0,1.0,0.0,0.0,0.0,0.0,0.0,0.0,False,,,,,,,,,
1756275745.070156,1,follower,manual,0.12446784973144531,0.049771878868341446,0.5111317038536072,0,1,1,-0.12446784973144531,0.9502281211316586,0.4888682961463928,0,0,0,0,1.0,0.0,0.0,0.0,0.0,0.0,0.0,False,,,,,,,,,
1756275745.1772952,0,leader,manual,0.08567570149898529,0.05726580321788788,-0.4633485674858093,0,1,0,-0.08567570149898529,0.9427341967821121,0.4633485674858093,0,0,0,0,1.0,0.0,0.0,0.0,0.0,0.0,0.0,False,,,,,,,,,
1756275745.2775433,1,follower,manual,0.12446139007806778,0.0497969314455986,0.511146605014801,0,1,1,-0.12446139007806778,0.9502030685544014,0.488853394985199,0,0,0,0,1.0,0.0,0.0,0.0,0.0,0.0,0.0,False,,,,,,,,,
1756275745.3785133,0,leader,manual,0.08567216247320175,0.05724766477942467,-0.46336129307746887,0,1,0,-0.08567216247320175,0.9427523352205753,0.46336129307746887,0,0,0,0,1.0,0.0,0.0,0.0,0.0,0.0,0.0,False,,,,,,,,,
1756275745.4789014,1,follower,manual,0.1244579330086708,0.04978266358375549,0.5111265182495117,0,1,1,-0.1244579330086708,0.9502173364162445,0.4888734817504883,0,0,0,0,1.0,0.0,0.0,0.0,0.0,0.0,0.0,False,,,,,,,,,
1756275745.587989,0,leader,manual,0.08568520098924637,0.05724421143531799,-0.46336764097213745,0,1,0,-0.08568520098924637,0.942755788564682,0.46336764097213745,0,0,0,0,1.0,0.0,0.0,0.0,0.0,0.0,0.0,False,,,,,,,,,
1756275745.6884096,1,follower,manual,0.1244739219546318,0.04977796971797943,0.5111254453659058,0,1,1,-0.1244739219546318,0.9502220302820206,0.48887455463409424,0,0,0,0,1.0,0.0,0.0,0.0,0.0,0.0,0.0,False,,,,,,,,,
1756275745.7950695,0,leader,manual,0.08568036556243896,0.05724569037556648,-0.46336033940315247,0,1,0,-0.08568036556243896,0.9427543096244335,0.46336033940315247,0,0,0,0,1.0,0.0,0.0,0.0,0.0,0.0,0.0,False,,,,,,,,,
1756275745.8953545,1,follower,manual,0.12446679174900055,0.04977493733167648,0.5111299753189087,0,1,1,-0.12446679174900055,0.9502250626683235,0.4888700246810913,0,0,0,0,1.0,0.0,0.0,0.0,0.0,0.0,0.0,False,,,,,,,,,
1756275746.0952516,0,leader,manual,0.08567384630441666,0.05724036693572998,-0.4633585214614868,0,1,0,-0.08567384630441666,0.94275963306427,0.4633585214614868,0,0,0,0,1.0,0.0,0.0,0.0,0.0,0.0,0.0,False,,,,,,,,,
1756275746.1959283,1,follower,manual,0.12446052581071854,0.04978381469845772,0.5111422538757324,0,1,1,-0.12446052581071854,0.9502161853015423,0.4888577461242676,0,0,0,0,1.0,0.0,0.0,0.0,0.0,0.0,0.0,False,,,,,,,,,
1756275746.3077059,0,leader,manual,0.08567801117897034,0.05725663900375366,-0.46336573362350464,0,1,0,-0.08567801117897034,0.9427433609962463,0.46336573362350464,0,0,0,0,1.0,0.0,0.0,0.0,0.0,0.0,0.0,False,,,,,,,,,
1756275746.4085062,1,follower,manual,0.1244649663567543,0.04976985603570938,0.5111311078071594,0,1,1,-0.1244649663567543,0.9502301439642906,0.4888688921928406,0,0,0,0,1.0,0.0,0.0,0.0,0.0,0.0,0.0,False,,,,,,,,,
1756275746.603028,0,leader,manual,0.08567477762699127,0.05726063624024391,-0.46335747838020325,0,1,0,-0.08567477762699127,0.9427393637597561,0.46335747838020325,0,0,0,0,1.0,0.0,0.0,0.0,0.0,0.0,0.0,False,,,,,,,,,
1756275746.7035058,1,follower,manual,0.12445709109306335,0.04977485164999962,0.5111294984817505,0,1,1,-0.12445709109306335,0.9502251483500004,0.4888705015182495,0,0,0,0,1.0,0.0,0.0,0.0,0.0,0.0,0.0,False,,,,,,,,,
1756275752.117107,0,leader,manual,0.08567505329847336,0.05725645273923874,-0.4633601903915405,0,1,0,-0.08567505329847336,0.9427435472607613,0.4633601903915405,0,0,0,0,1.0,0.0,0.0,0.0,0.0,0.0,0.0,False,,,,,,,,,
1756275752.217396,1,follower,manual,0.12446434050798416,0.04975976422429085,0.5111190676689148,0,1,1,-0.12446434050798416,0.9502402357757092,0.4888809323310852,0,0,0,0,1.0,0.0,0.0,0.0,0.0,0.0,0.0,False,,,,,,,,,
1756275752.2178378,0,follower,manual,0.027176663279533386,0.9478192329406738,-0.5740329027175903,0,1,0,-0.027176663279533386,0.05218076705932617,0.5740329027175903,0,0,0,0,,,,,,,,False,,,,,,,,,
1756275752.3182273,1,follower,manual,0.12049891799688339,0.8051741123199463,0.5182859897613525,0,1,1,-0.12049891799688339,0.1948258876800537,0.48171401023864746,0,0,0,0,,,,,,,,False,,,,,,,,,
1756275752.617318,0,leader,manual,0.027176663279533386,0.9478192329406738,-0.5740329027175903,0,1,0,-0.027176663279533386,0.05218076705932617,0.5740329027175903,0,0,0,0,1.0,0.0,0.0,0.0,0.0,0.0,0.0,False,,,,,,,,,
1756275752.717729,1,follower,manual,0.12049891799688339,0.8051741123199463,0.5182859897613525,0,1,1,-0.12049891799688339,0.1948258876800537,0.48171401023864746,0,0,0,0,1.0,0.0,0.0,0.0,0.0,0.0,0.0,False,,,,,,,,,
1756275752.7185707,0,follower,auto,0.026542887091636658,0.9526344537734985,-0.5873961448669434,0,1,0,-0.026542887091636658,0.047365546226501465,0.5873961448669434,0,0,0,0,,,,,,,,False,,,,,,,,,
1756275752.8193398,1,follower,auto,0.12152735143899918,0.8113939166069031,0.5271627902984619,0,1,1,-0.12152735143899918,0.18860608339309692,0.4728372097015381,0,0,0,0,,,,,,,,False,,,,,,,,,
1756275752.92516,0,follower,auto,0.026542887091636658,0.9526344537734985,-0.5873961448669434,0,1,0,-0.026542887091636658,0.047365546226501465,0.5873961448669434,0,0,0,0,1.0,0.0,0.0,0.0,0.0,0.0,0.0,False,,,,,,,,,
1756275753.0254965,1,leader,auto,0.12152735143899918,0.8113939166069031,0.5271627902984619,0,1,1,-0.12152735143899918,0.18860608339309692,0.4728372097015381,0,0,0,0,1.0,0.0,0.0,0.0,0.0,0.0,0.0,False,,,,,,,,,
1756275753.0261788,0,follower,auto,0.030767975375056267,0.9496200680732727,-0.5912196636199951,0,1,0,-0.030767975375056267,0.050379931926727295,0.5912196636199951,0,0,0,0,,,,,,,,False,,,,,,,,,
1756275753.1265526,1,follower,auto,0.12491779774427414,0.817687451839447,0.5359793305397034,0,1,1,-0.12491779774427414,0.18231254816055298,0.46402066946029663,0,0,0,0,,,,,,,,False,,,,,,,,,
1756275753.229745,0,follower,auto,0.030767975375056267,0.9496200680732727,-0.5912196636199951,0,1,0,-0.030767975375056267,0.050379931926727295,0.5912196636199951,0,0,0,0,1.0,0.0,0.0,0.0,0.0,0.0,0.0,False,,,,,,,,,
1756275753.3302443,1,leader,auto,0.12491779774427414,0.817687451839447,0.5359793305397034,0,1,1,-0.12491779774427414,0.18231254816055298,0.46402066946029663,0,0,0,0,1.0,0.0,0.0,0.0,0.0,0.0,0.0,False,,,,,,,,,
1756275753.331493,0,follower,auto,0.03268680348992348,0.9414682388305664,-0.5891135334968567,0,1,0,-0.03268680348992348,0.058531761169433594,0.5891135334968567,0,0,0,0,,,,,,,,False,,,,,,,,,
1756275753.4318833,1,follower,auto,0.1303844153881073,0.8221580386161804,0.543592631816864,0,1,1,-0.1303844153881073,0.17784196138381958,0.456407368183136,0,0,0,0,,,,,,,,False,,,,,,,,,
1756275753.5386186,0,follower,auto,0.03268680348992348,0.9414682388305664,-0.5891135334968567,0,1,0,-0.03268680348992348,0.058531761169433594,0.5891135334968567,0,0,0,0,1.0,0.0,0.0,0.0,0.0,0.0,0.0,False,,,,,,,,,
1756275753.6391428,1,leader,auto,0.1303844153881073,0.8221580386161804,0.543592631816864,0,1,1,-0.1303844153881073,0.17784196138381958,0.456407368183136,0,0,0,0,1.0,0.0,0.0,0.0,0.0,0.0,0.0,False,,,,,,,,,
1756275753.641926,0,follower,auto,0.029426511377096176,0.9275239109992981,-0.5859756469726562,0,1,0,-0.029426511377096176,0.0724760890007019,0.5859756469726562,0,0,0,0,,,,,,,,False,,,,,,,,,
1756275753.7430017,1,follower,auto,0.131456658244133,0.8143156170845032,0.5547193884849548,0,1,1,-0.131456658244133,0.18568438291549683,0.44528061151504517,0,0,0,0,,,,,,,,False,,,,,,,,,
1756275753.8451135,0,follower,auto,0.029426511377096176,0.9275239109992981,-0.5859756469726562,0,1,0,-0.029426511377096176,0.0724760890007019,0.5859756469726562,0,0,0,0,1.0,0.0,0.0,0.0,0.0,0.0,0.0,False,,,,,,,,,
1756275753.9455664,1,leader,auto,0.131456658244133,0.8143156170845032,0.5547193884849548,0,1,1,-0.131456658244133,0.18568438291549683,0.44528061151504517,0,0,0,0,1.0,0.0,0.0,0.0,0.0,0.0,0.0,False,,,,,,,,,
1756275753.9485412,0,follower,auto,0.025849120691418648,0.9161623120307922,-0.5871910452842712,0,1,0,-0.025849120691418648,0.08383768796920776,0.5871910452842712,0,0,0,0,,,,,,,,False,,,,,,,,,
1756275754.0497155,1,follower,auto,0.13037969172000885,0.806950032711029,0.5601246356964111,0,1,1,-0.13037969172000885,0.19304996728897095,0.43987536430358887,0,0,0,0,,,,,,,,False,,,,,,,,,
1756275754.206518,0,follower,auto,0.025849120691418648,0.9161623120307922,-0.5871910452842712,0,1,0,-0.025849120691418648,0.08383768796920776,0.5871910452842712,0,0,0,0,1.0,0.0,0.0,0.0,0.0,0.0,0.0,False,,,,,,,,,
1756275754.3069658,1,leader,auto,0.13037969172000885,0.806950032711029,0.5601246356964111,0,1,1,-0.13037969172000885,0.19304996728897095,0.43987536430358887,0,0,0,0,1.0,0.0,0.0,0.0,0.0,0.0,0.0,False,,,,,,,,,
1756275754.3084655,0,follower,auto,0.025588592514395714,0.9017356038093567,-0.5944275856018066,0,1,0,-0.025588592514395714,0.09826439619064331,0.5944275856018066,0,0,0,0,,,,,,,,False,,,,,,,,,
1756275754.409483,1,follower,auto,0.12772339582443237,0.8078026175498962,0.5540209412574768,0,1,1,-0.12772339582443237,0.19219738245010376,0.4459790587425232,0,0,0,0,,,,,,,,False,,,,,,,,,
1756275754.6090882,0,follower,auto,0.025588592514395714,0.9017356038093567,-0.5944275856018066,0,1,0,-0.025588592514395714,0.09826439619064331,0.5944275856018066,0,0,0,0,1.0,0.0,0.0,0.0,0.0,0.0,0.0,False,,,,,,,,,
1756275754.7097547,1,leader,auto,0.12772339582443237,0.8078026175498962,0.5540209412574768,0,1,1,-0.12772339582443237,0.19219738245010376,0.4459790587425232,0,0,0,0,1.0,0.0,0.0,0.0,0.0,0.0,0.0,False,,,,,,,,,
1756275754.7124655,0,follower,auto,0.027328582480549812,0.8884506821632385,-0.6060023307800293,0,1,0,-0.027328582480549812,0.11154931783676147,0.6060023307800293,0,0,0,0,,,,,,,,False,,,,,,,,,
1756275754.8134384,1,follower,auto,0.12328913062810898,0.8147990107536316,0.5443383455276489,0,1,1,-0.12328913062810898,0.1852009892463684,0.4556616544723511,0,0,0,0,,,,,,,,False,,,,,,,,,
1756275754.9189014,0,follower,auto,0.027328582480549812,0.8884506821632385,-0.6060023307800293,0,1,0,-0.027328582480549812,0.11154931783676147,0.6060023307800293,0,0,0,0,1.0,0.0,0.0,0.0,0.0,0.0,0.0,False,,,,,,,,,
1756275755.0196779,1,leader,auto,0.12328913062810898,0.8147990107536316,0.5443383455276489,0,1,1,-0.12328913062810898,0.1852009892463684,0.4556616544723511,0,0,0,0,1.0,0.0,0.0,0.0,0.0,0.0,0.0,False,,,,,,,,,
1756275755.0224047,0,follower,auto,0.025757888332009315,0.8904014229774475,-0.6126715540885925,0,1,0,-0.025757888332009315,0.10959857702255249,0.6126715540885925,0,0,0,0,,,,,,,,False,,,,,,,,,
1756275755.12328,1,follower,auto,0.12179392576217651,0.8198575377464294,0.5401113033294678,0,1,1,-0.12179392576217651,0.18014246225357056,0.4598886966705322,0,0,0,0,,,,,,,,False,,,,,,,,,
1756275755.3229141,0,follower,auto,0.025757888332009315,0.8904014229774475,-0.6126715540885925,0,1,0,-0.025757888332009315,0.10959857702255249,0.6126715540885925,0,0,0,0,1.0,0.0,0.0,0.0,0.0,0.0,0.0,False,,,,,,,,,
1756275755.4232259,1,leader,auto,0.12179392576217651,0.8198575377464294,0.5401113033294678,0,1,1,-0.12179392576217651,0.18014246225357056,0.4598886966705322,0,0,0,0,1.0,0.0,0.0,0.0,0.0,0.0,0.0,False,,,,,,,,,
1756275755.4239345,0,follower,auto,0.01936081424355507,0.9007125496864319,-0.6195685267448425,0,1,0,-0.01936081424355507,0.09928745031356812,0.6195685267448425,0,0,0,0,,,,,,,,False,,,,,,,,,
1756275755.5244396,1,follower,auto,0.11957637965679169,0.8311353325843811,0.5337221026420593,0,1,1,-0.11957637965679169,0.1688646674156189,0.4662778973579407,0,0,0,0,,,,,,,,False,,,,,,,,,
1756275755.6285036,0,follower,auto,0.01936081424355507,0.9007125496864319,-0.6195685267448425,0,1,0,-0.01936081424355507,0.09928745031356812,0.6195685267448425,0,0,0,0,1.0,0.0,0.0,0.0,0.0,0.0,0.0,False,,,,,,,,,
1756275755.7287595,1,leader,auto,0.11957637965679169,0.8311353325843811,0.5337221026420593,0,1,1,-0.11957637965679169,0.1688646674156189,0.4662778973579407,0,0,0,0,1.0,0.0,0.0,0.0,0.0,0.0,0.0,False,,,,,,,,,
1756275755.7292256,0,follower,auto,0.013936812058091164,0.9106519222259521,-0.625618577003479,0,1,0,-0.013936812058091164,0.08934807777404785,0.625618577003479,0,0,0,0,,,,,,,,False,,,,,,,,,
1756275755.8296807,1,follower,auto,0.11789979785680771,0.8423901200294495,0.5199764370918274,0,1,1,-0.11789979785680771,0.15760987997055054,0.4800235629081726,0,0,0,0,,,,,,,,False,,,,,,,,,
1756275755.9471033,0,follower,auto,0.013936812058091164,0.9106519222259521,-0.625618577003479,0,1,0,-0.013936812058091164,0.08934807777404785,0.625618577003479,0,0,0,0,1.0,0.0,0.0,0.0,0.0,0.0,0.0,False,,,,,,,,,
1756275756.047533,1,leader,auto,0.11789979785680771,0.8423901200294495,0.5199764370918274,0,1,1,-0.11789979785680771,0.15760987997055054,0.4800235629081726,0,0,0,0,1.0,0.0,0.0,0.0,0.0,0.0,0.0,False,,,,,,,,,
1756275756.048212,0,follower,auto,0.008027514442801476,0.9212774634361267,-0.6296823024749756,0,1,0,-0.008027514442801476,0.07872253656387329,0.6296823024749756,0,0,0,0,,,,,,,,False,,,,,,,,,
1756275756.1490455,1,follower,auto,0.11439342796802521,0.8561584949493408,0.5063987970352173,0,1,1,-0.11439342796802521,0.14384150505065918,0.4936012029647827,0,0,0,0,,,,,,,,False,,,,,,,,,
1756275756.3433805,0,follower,auto,0.008027514442801476,0.9212774634361267,-0.6296823024749756,0,1,0,-0.008027514442801476,0.07872253656387329,0.6296823024749756,0,0,0,0,1.0,0.0,0.0,0.0,0.0,0.0,0.0,False,,,,,,,,,
1756275756.4437804,1,leader,auto,0.11439342796802521,0.8561584949493408,0.5063987970352173,0,1,1,-0.11439342796802521,0.14384150505065918,0.4936012029647827,0,0,0,0,1.0,0.0,0.0,0.0,0.0,0.0,0.0,False,,,,,,,,,
1756275756.444655,0,follower,auto,0.00287885800935328,0.9306215643882751,-0.6400861740112305,0,1,0,-0.00287885800935328,0.06937843561172485,0.6400861740112305,0,0,0,0,,,,,,,,False,,,,,,,,,
1756275756.5452418,1,follower,auto,0.10894084721803665,0.8708561658859253,0.4904426336288452,0,1,1,-0.10894084721803665,0.1291438341140747,0.5095573663711548,0,0,0,0,,,,,,,,False,,,,,,,,,
1756275756.653625,0,follower,auto,0.00287885800935328,0.9306215643882751,-0.6400861740112305,0,1,0,-0.00287885800935328,0.06937843561172485,0.6400861740112305,0,0,0,0,1.0,0.0,0.0,0.0,0.0,0.0,0.0,False,,,,,,,,,
1756275756.7542124,1,leader,auto,0.10894084721803665,0.8708561658859253,0.4904426336288452,0,1,1,-0.10894084721803665,0.1291438341140747,0.5095573663711548,0,0,0,0,1.0,0.0,0.0,0.0,0.0,0.0,0.0,False,,,,,,,,,
1756275756.7556703,0,follower,auto,0.0019207067089155316,0.9333069324493408,-0.6517407894134521,0,1,0,-0.0019207067089155316,0.06669306755065918,0.6517407894134521,0,0,0,0,,,,,,,,False,,,,,,,,,
1756275756.8573892,1,follower,auto,0.10309165716171265,0.8739315271377563,0.49094441533088684,0,1,1,-0.10309165716171265,0.12606847286224365,0.5090555846691132,0,0,0,0,,,,,,,,False,,,,,,,,,
1756275757.013354,0,follower,auto,0.0019207067089155316,0.9333069324493408,-0.6517407894134521,0,1,0,-0.0019207067089155316,0.06669306755065918,0.6517407894134521,0,0,0,0,1.0,0.0,0.0,0.0,0.0,0.0,0.0,False,,,,,,,,,
1756275757.1139016,1,leader,auto,0.10309165716171265,0.8739315271377563,0.49094441533088684,0,1,1,-0.10309165716171265,0.12606847286224365,0.5090555846691132,0,0,0,0,1.0,0.0,0.0,0.0,0.0,0.0,0.0,False,,,,,,,,,
1756275757.1157534,0,follower,auto,-0.0012243540259078145,0.9341830015182495,-0.6634917259216309,0,1,0,0.0012243540259078145,0.06581699848175049,0.6634917259216309,0,0,0,0,,,,,,,,False,,,,,,,,,
1756275757.2166119,1,follower,auto,0.09568887948989868,0.8618947267532349,0.4932464063167572,0,1,1,-0.09568887948989868,0.13810527324676514,0.5067535936832428,0,0,0,0,,,,,,,,False,,,,,,,,,
1756275757.4220688,0,follower,auto,-0.0012243540259078145,0.9341830015182495,-0.6634917259216309,0,1,0,0.0012243540259078145,0.06581699848175049,0.6634917259216309,0,0,0,0,1.0,0.0,0.0,0.0,0.0,0.0,0.0,False,,,,,,,,,
1756275757.5228486,1,leader,auto,0.09568887948989868,0.8618947267532349,0.4932464063167572,0,1,1,-0.09568887948989868,0.13810527324676514,0.5067535936832428,0,0,0,0,1.0,0.0,0.0,0.0,0.0,0.0,0.0,False,,,,,,,,,
1756275757.5240037,0,follower,auto,-0.0049491943791508675,0.9290950298309326,-0.6715840697288513,0,1,0,0.0049491943791508675,0.07090497016906738,0.6715840697288513,0,0,0,0,,,,,,,,False,,,,,,,,,
1756275757.6257954,1,follower,auto,0.08409933000802994,0.8407900333404541,0.5029757618904114,0,1,1,-0.08409933000802994,0.1592099666595459,0.4970242381095886,0,0,0,0,,,,,,,,False,,,,,,,,,
1756275757.733956,0,follower,auto,-0.0049491943791508675,0.9290950298309326,-0.6715840697288513,0,1,0,0.0049491943791508675,0.07090497016906738,0.6715840697288513,0,0,0,0,1.0,0.0,0.0,0.0,0.0,0.0,0.0,False,,,,,,,,,
1756275757.8343813,1,leader,auto,0.08409933000802994,0.8407900333404541,0.5029757618904114,0,1,1,-0.08409933000802994,0.1592099666595459,0.4970242381095886,0,0,0,0,1.0,0.0,0.0,0.0,0.0,0.0,0.0,False,,,,,,,,,
1756275757.8354092,0,follower,auto,-0.00620335154235363,0.9216604828834534,-0.6755866408348083,0,1,0,0.00620335154235363,0.07833951711654663,0.6755866408348083,0,0,0,0,,,,,,,,False,,,,,,,,,
1756275757.9359336,1,follower,auto,0.072687067091465,0.8251614570617676,0.5126251578330994,0,1,1,-0.072687067091465,0.17483854293823242,0.48737484216690063,0,0,0,0,,,,,,,,False,,,,,,,,,
1756275758.131985,0,follower,auto,-0.00620335154235363,0.9216604828834534,-0.6755866408348083,0,1,0,0.00620335154235363,0.07833951711654663,0.6755866408348083,0,0,0,0,1.0,0.0,0.0,0.0,0.0,0.0,0.0,False,,,,,,,,,
1756275758.23239,1,leader,auto,0.072687067091465,0.8251614570617676,0.5126251578330994,0,1,1,-0.072687067091465,0.17483854293823242,0.48737484216690063,0,0,0,0,1.0,0.0,0.0,0.0,0.0,0.0,0.0,False,,,,,,,,,
1756275758.2330396,0,follower,auto,-0.011405245400965214,0.9136017560958862,-0.6807118654251099,0,1,0,0.011405245400965214,0.08639824390411377,0.6807118654251099,0,0,0,0,,,,,,,,False,,,,,,,,,
1756275758.3335333,1,follower,auto,0.05767112970352173,0.8147801756858826,0.5168240070343018,0,1,1,-0.05767112970352173,0.18521982431411743,0.48317599296569824,0,0,0,0,,,,,,,,False,,,,,,,,,
1756275758.534605,0,follower,auto,-0.011405245400965214,0.9136017560958862,-0.6807118654251099,0,1,0,0.011405245400965214,0.08639824390411377,0.6807118654251099,0,0,0,0,1.0,0.0,0.0,0.0,0.0,0.0,0.0,False,,,,,,,,,
1756275758.6350951,1,leader,auto,0.05767112970352173,0.8147801756858826,0.5168240070343018,0,1,1,-0.05767112970352173,0.18521982431411743,0.48317599296569824,0,0,0,0,1.0,0.0,0.0,0.0,0.0,0.0,0.0,False,,,,,,,,,
1756275758.6367278,0,follower,auto,-0.018441729247570038,0.9102749228477478,-0.6874526739120483,0,1,0,0.018441729247570038,0.0897250771522522,0.6874526739120483,0,0,0,0,,,,,,,,False,,,,,,,,,
1756275758.7379415,1,follower,auto,0.04301781207323074,0.8182551264762878,0.5284992456436157,0,1,1,-0.04301781207323074,0.18174487352371216,0.4715007543563843,0,0,0,0,,,,,,,,False,,,,,,,,,
1756275758.8538861,0,follower,auto,-0.018441729247570038,0.9102749228477478,-0.6874526739120483,0,1,0,0.018441729247570038,0.0897250771522522,0.6874526739120483,0,0,0,0,1.0,0.0,0.0,0.0,0.0,0.0,0.0,False,,,,,,,,,
1756275758.9544005,1,leader,auto,0.04301781207323074,0.8182551264762878,0.5284992456436157,0,1,1,-0.04301781207323074,0.18174487352371216,0.4715007543563843,0,0,0,0,1.0,0.0,0.0,0.0,0.0,0.0,0.0,False,,,,,,,,,
1756275758.95582,0,follower,auto,-0.024022428318858147,0.9101632237434387,-0.6933793425559998,0,1,0,0.024022428318858147,0.08983677625656128,0.6933793425559998,0,0,0,0,,,,,,,,False,,,,,,,,,
1756275759.0568936,1,follower,auto,0.03569071367383003,0.8318142294883728,0.5358819961547852,0,1,1,-0.03569071367383003,0.1681857705116272,0.46411800384521484,0,0,0,0,,,,,,,,False,,,,,,,,,
1756275759.2552125,0,follower,auto,-0.024022428318858147,0.9101632237434387,-0.6933793425559998,0,1,0,0.024022428318858147,0.08983677625656128,0.6933793425559998,0,0,0,0,1.0,0.0,0.0,0.0,0.0,0.0,0.0,False,,,,,,,,,
1756275759.3557687,1,leader,auto,0.03569071367383003,0.8318142294883728,0.5358819961547852,0,1,1,-0.03569071367383003,0.1681857705116272,0.46411800384521484,0,0,0,0,1.0,0.0,0.0,0.0,0.0,0.0,0.0,False,,,,,,,,,
1756275759.3571844,0,follower,auto,-0.026952264830470085,0.9115159511566162,-0.7016664147377014,0,1,0,0.026952264830470085,0.08848404884338379,0.7016664147377014,0,0,0,0,,,,,,,,False,,,,,,,,,
1756275759.4580543,1,follower,auto,0.03319611772894859,0.8558375835418701,0.5440489649772644,0,1,1,-0.03319611772894859,0.14416241645812988,0.4559510350227356,0,0,0,0,,,,,,,,False,,,,,,,,,
1756275759.5622916,0,follower,auto,-0.026952264830470085,0.9115159511566162,-0.7016664147377014,0,1,0,0.026952264830470085,0.08848404884338379,0.7016664147377014,0,0,0,0,1.0,0.0,0.0,0.0,0.0,0.0,0.0,False,,,,,,,,,
1756275759.6627555,1,leader,auto,0.03319611772894859,0.8558375835418701,0.5440489649772644,0,1,1,-0.03319611772894859,0.14416241645812988,0.4559510350227356,0,0,0,0,1.0,0.0,0.0,0.0,0.0,0.0,0.0,False,,,,,,,,,
1756275759.6642008,0,follower,auto,-0.028759783133864403,0.91292804479599,-0.7056552767753601,0,1,0,0.028759783133864403,0.08707195520401001,0.7056552767753601,0,0,0,0,,,,,,,,False,,,,,,,,,
1756275759.7650797,1,follower,auto,0.03262893855571747,0.8660491704940796,0.5425868630409241,0,1,1,-0.03262893855571747,0.1339508295059204,0.4574131369590759,0,0,0,0,,,,,,,,False,,,,,,,,,
1756275759.8776755,0,follower,auto,-0.028759783133864403,0.91292804479599,-0.7056552767753601,0,1,0,0.028759783133864403,0.08707195520401001,0.7056552767753601,0,0,0,0,1.0,0.0,0.0,0.0,0.0,0.0,0.0,False,,,,,,,,,
1756275759.977864,1,leader,auto,0.03262893855571747,0.8660491704940796,0.5425868630409241,0,1,1,-0.03262893855571747,0.1339508295059204,0.4574131369590759,0,0,0,0,1.0,0.0,0.0,0.0,0.0,0.0,0.0,False,,,,,,,,,
1756275759.9785619,0,follower,auto,-0.03420945256948471,0.911104679107666,-0.7060803174972534,0,1,0,0.03420945256948471,0.08889532089233398,0.7060803174972534,0,0,0,0,,,,,,,,False,,,,,,,,,
1756275760.078974,1,follower,auto,0.03286195173859596,0.8595463037490845,0.5324724912643433,0,1,1,-0.03286195173859596,0.14045369625091553,0.46752750873565674,0,0,0,0,,,,,,,,False,,,,,,,,,
1756275760.2733612,0,follower,auto,-0.03420945256948471,0.911104679107666,-0.7060803174972534,0,1,0,0.03420945256948471,0.08889532089233398,0.7060803174972534,0,0,0,0,1.0,0.0,0.0,0.0,0.0,0.0,0.0,False,,,,,,,,,
1756275760.373807,1,leader,auto,0.03286195173859596,0.8595463037490845,0.5324724912643433,0,1,1,-0.03286195173859596,0.14045369625091553,0.46752750873565674,0,0,0,0,1.0,0.0,0.0,0.0,0.0,0.0,0.0,False,,,,,,,,,
1756275760.3761132,0,follower,auto,-0.04423496499657631,0.9143648147583008,-0.7040046453475952,0,1,0,0.04423496499657631,0.08563518524169922,0.7040046453475952,0,0,0,0,,,,,,,,False,,,,,,,,,
1756275760.4770968,1,follower,auto,0.03085920214653015,0.8473674058914185,0.50970858335495,0,1,1,-0.03085920214653015,0.15263259410858154,0.49029141664505005,0,0,0,0,,,,,,,,False,,,,,,,,,
1756275760.5805638,0,follower,auto,-0.04423496499657631,0.9143648147583008,-0.7040046453475952,0,1,0,0.04423496499657631,0.08563518524169922,0.7040046453475952,0,0,0,0,1.0,0.0,0.0,0.0,0.0,0.0,0.0,False,,,,,,,,,
1756275760.6809938,1,leader,auto,0.03085920214653015,0.8473674058914185,0.50970858335495,0,1,1,-0.03085920214653015,0.15263259410858154,0.49029141664505005,0,0,0,0,1.0,0.0,0.0,0.0,0.0,0.0,0.0,False,,,,,,,,,
1756275760.6817224,0,follower,auto,-0.05088692903518677,0.9194918274879456,-0.7087554931640625,0,1,0,0.05088692903518677,0.08050817251205444,0.7087554931640625,0,0,0,0,,,,,,,,False,,,,,,,,,
1756275760.7822106,1,follower,auto,0.029369894415140152,0.8369661569595337,0.4947603940963745,0,1,1,-0.029369894415140152,0.1630338430404663,0.5052396059036255,0,0,0,0,,,,,,,,False,,,,,,,,,
1756275760.945942,0,follower,auto,-0.05088692903518677,0.9194918274879456,-0.7087554931640625,0,1,0,0.05088692903518677,0.08050817251205444,0.7087554931640625,0,0,0,0,1.0,0.0,0.0,0.0,0.0,0.0,0.0,False,,,,,,,,,
1756275761.0468326,1,leader,auto,0.029369894415140152,0.8369661569595337,0.4947603940963745,0,1,1,-0.029369894415140152,0.1630338430404663,0.5052396059036255,0,0,0,0,1.0,0.0,0.0,0.0,0.0,0.0,0.0,False,,,,,,,,,
1756275761.0509725,0,follower,auto,-0.04757373780012131,0.928458034992218,-0.7228192090988159,0,1,0,0.04757373780012131,0.07154196500778198,0.7228192090988159,0,0,0,0,,,,,,,,False,,,,,,,,,
1756275761.152813,1,follower,auto,0.030954405665397644,0.8259438872337341,0.481876403093338,0,1,1,-0.030954405665397644,0.17405611276626587,0.518123596906662,0,0,0,0,,,,,,,,False,,,,,,,,,
1756275761.349969,0,follower,auto,-0.04757373780012131,0.928458034992218,-0.7228192090988159,0,1,0,0.04757373780012131,0.07154196500778198,0.7228192090988159,0,0,0,0,1.0,0.0,0.0,0.0,0.0,0.0,0.0,False,,,,,,,,,
1756275761.450948,1,leader,auto,0.030954405665397644,0.8259438872337341,0.481876403093338,0,1,1,-0.030954405665397644,0.17405611276626587,0.518123596906662,0,0,0,0,1.0,0.0,0.0,0.0,0.0,0.0,0.0,False,,,,,,,,,
1756275761.4532115,0,follower,auto,-0.03985600546002388,0.9280396699905396,-0.7329602241516113,0,1,0,0.03985600546002388,0.07196033000946045,0.7329602241516113,0,0,0,0,,,,,,,,False,,,,,,,,,
1756275761.5543733,1,follower,auto,0.03369022533297539,0.8184995055198669,0.4756523072719574,0,1,1,-0.03369022533297539,0.18150049448013306,0.5243476927280426,0,0,0,0,,,,,,,,False,,,,,,,,,
1756275761.6569545,0,follower,auto,-0.03985600546002388,0.9280396699905396,-0.7329602241516113,0,1,0,0.03985600546002388,0.07196033000946045,0.7329602241516113,0,0,0,0,1.0,0.0,0.0,0.0,0.0,0.0,0.0,False,,,,,,,,,
1756275761.7575574,1,leader,auto,0.03369022533297539,0.8184995055198669,0.4756523072719574,0,1,1,-0.03369022533297539,0.18150049448013306,0.5243476927280426,0,0,0,0,1.0,0.0,0.0,0.0,0.0,0.0,0.0,False,,,,,,,,,
1756275761.772794,0,follower,auto,-0.03653794899582863,0.9202527403831482,-0.7359597682952881,0,1,0,0.03653794899582863,0.0797472596168518,0.7359597682952881,0,0,0,0,,,,,,,,False,,,,,,,,,
1756275761.8738637,1,follower,auto,0.03645901754498482,0.8162599205970764,0.47937604784965515,0,1,1,-0.03645901754498482,0.18374007940292358,0.5206239521503448,0,0,0,0,,,,,,,,False,,,,,,,,,
1756275762.065165,0,follower,auto,-0.03653794899582863,0.9202527403831482,-0.7359597682952881,0,1,0,0.03653794899582863,0.0797472596168518,0.7359597682952881,0,0,0,0,1.0,0.0,0.0,0.0,0.0,0.0,0.0,False,,,,,,,,,
1756275762.1656625,1,leader,auto,0.03645901754498482,0.8162599205970764,0.47937604784965515,0,1,1,-0.03645901754498482,0.18374007940292358,0.5206239521503448,0,0,0,0,1.0,0.0,0.0,0.0,0.0,0.0,0.0,False,,,,,,,,,
1756275762.1672394,0,follower,auto,-0.03344297036528587,0.9131729602813721,-0.7390127778053284,0,1,0,0.03344297036528587,0.08682703971862793,0.7390127778053284,0,0,0,0,,,,,,,,False,,,,,,,,,
1756275762.2682412,1,follower,auto,0.04073428362607956,0.813290536403656,0.48545604944229126,0,1,1,-0.04073428362607956,0.186709463596344,0.5145439505577087,0,0,0,0,,,,,,,,False,,,,,,,,,
1756275762.371178,0,follower,auto,-0.03344297036528587,0.9131729602813721,-0.7390127778053284,0,1,0,0.03344297036528587,0.08682703971862793,0.7390127778053284,0,0,0,0,1.0,0.0,0.0,0.0,0.0,0.0,0.0,False,,,,,,,,,
1756275762.4718256,1,leader,auto,0.04073428362607956,0.813290536403656,0.48545604944229126,0,1,1,-0.04073428362607956,0.186709463596344,0.5145439505577087,0,0,0,0,1.0,0.0,0.0,0.0,0.0,0.0,0.0,False,,,,,,,,,
1756275762.474813,0,follower,auto,-0.027904627844691277,0.9086225628852844,-0.7380096316337585,0,1,0,0.027904627844691277,0.09137743711471558,0.7380096316337585,0,0,0,0,,,,,,,,False,,,,,,,,,
1756275762.5759804,1,follower,auto,0.04527401179075241,0.8019881248474121,0.4893712103366852,0,1,1,-0.04527401179075241,0.1980118751525879,0.5106287896633148,0,0,0,0,,,,,,,,False,,,,,,,,,
1756275762.7839158,0,follower,auto,-0.027904627844691277,0.9086225628852844,-0.7380096316337585,0,1,0,0.027904627844691277,0.09137743711471558,0.7380096316337585,0,0,0,0,1.0,0.0,0.0,0.0,0.0,0.0,0.0,False,,,,,,,,,
1756275762.8845253,1,leader,auto,0.04527401179075241,0.8019881248474121,0.4893712103366852,0,1,1,-0.04527401179075241,0.1980118751525879,0.5106287896633148,0,0,0,0,1.0,0.0,0.0,0.0,0.0,0.0,0.0,False,,,,,,,,,
1756275762.8861568,0,follower,auto,-0.02047266997396946,0.9068987965583801,-0.735130250453949,0,1,0,0.02047266997396946,0.09310120344161987,0.735130250453949,0,0,0,0,,,,,,,,False,,,,,,,,,
1756275762.9868283,1,follower,auto,0.051980555057525635,0.791317880153656,0.4933694303035736,0,1,1,-0.051980555057525635,0.208682119846344,0.5066305696964264,0,0,0,0,,,,,,,,False,,,,,,,,,
1756275763.0895672,0,follower,auto,-0.02047266997396946,0.9068987965583801,-0.735130250453949,0,1,0,0.02047266997396946,0.09310120344161987,0.735130250453949,0,0,0,0,1.0,0.0,0.0,0.0,0.0,0.0,0.0,False,,,,,,,,,
1756275763.1901555,1,leader,auto,0.051980555057525635,0.791317880153656,0.4933694303035736,0,1,1,-0.051980555057525635,0.208682119846344,0.5066305696964264,0,0,0,0,1.0,0.0,0.0,0.0,0.0,0.0,0.0,False,,,,,,,,,
1756275763.1931257,0,follower,auto,-0.016239911317825317,0.9072030186653137,-0.736742377281189,0,1,0,0.016239911317825317,0.09279698133468628,0.736742377281189,0,0,0,0,,,,,,,,False,,,,,,,,,
1756275763.2942688,1,follower,auto,0.056076645851135254,0.7895087003707886,0.49492183327674866,0,1,1,-0.056076645851135254,0.21049129962921143,0.5050781667232513,0,0,0,0,,,,,,,,False,,,,,,,,,
1756275763.439222,0,follower,auto,-0.016239911317825317,0.9072030186653137,-0.736742377281189,0,1,0,0.016239911317825317,0.09279698133468628,0.736742377281189,0,0,0,0,1.0,0.0,0.0,0.0,0.0,0.0,0.0,False,,,,,,,,,
1756275763.5397518,1,leader,auto,0.056076645851135254,0.7895087003707886,0.49492183327674866,0,1,1,-0.056076645851135254,0.21049129962921143,0.5050781667232513,0,0,0,0,1.0,0.0,0.0,0.0,0.0,0.0,0.0,False,,,,,,,,,
1756275763.5425808,0,follower,auto,-0.014539138413965702,0.9087367653846741,-0.7372408509254456,0,1,0,0.014539138413965702,0.09126323461532593,0.7372408509254456,0,0,0,0,,,,,,,,False,,,,,,,,,
1756275763.643716,1,follower,auto,0.05890956148505211,0.794651448726654,0.49225160479545593,0,1,1,-0.05890956148505211,0.20534855127334595,0.5077483952045441,0,0,0,0,,,,,,,,False,,,,,,,,,
1756275763.8044765,0,follower,auto,-0.014539138413965702,0.9087367653846741,-0.7372408509254456,0,1,0,0.014539138413965702,0.09126323461532593,0.7372408509254456,0,0,0,0,1.0,0.0,0.0,0.0,0.0,0.0,0.0,False,,,,,,,,,
1756275763.9050627,1,leader,auto,0.05890956148505211,0.794651448726654,0.49225160479545593,0,1,1,-0.05890956148505211,0.20534855127334595,0.5077483952045441,0,0,0,0,1.0,0.0,0.0,0.0,0.0,0.0,0.0,False,,,,,,,,,
1756275763.9064796,0,follower,auto,-0.011991768144071102,0.903893232345581,-0.7394271492958069,0,1,0,0.011991768144071102,0.09610676765441895,0.7394271492958069,0,0,0,0,,,,,,,,False,,,,,,,,,
1756275764.0073822,1,follower,auto,0.05955580621957779,0.8064731955528259,0.484565794467926,0,1,1,-0.05955580621957779,0.19352680444717407,0.515434205532074,0,0,0,0,,,,,,,,False,,,,,,,,,
1756275764.1550555,0,follower,auto,-0.011991768144071102,0.903893232345581,-0.7394271492958069,0,1,0,0.011991768144071102,0.09610676765441895,0.7394271492958069,0,0,0,0,1.0,0.0,0.0,0.0,0.0,0.0,0.0,False,,,,,,,,,
1756275764.2559683,1,leader,auto,0.05955580621957779,0.8064731955528259,0.484565794467926,0,1,1,-0.05955580621957779,0.19352680444717407,0.515434205532074,0,0,0,0,1.0,0.0,0.0,0.0,0.0,0.0,0.0,False,,,,,,,,,
1756275764.257411,0,follower,auto,-0.008453362621366978,0.8958103656768799,-0.7433698177337646,0,1,0,0.008453362621366978,0.10418963432312012,0.7433698177337646,0,0,0,0,,,,,,,,False,,,,,,,,,
1756275764.3583224,1,follower,auto,0.05728786438703537,0.8255857229232788,0.4818597435951233,0,1,1,-0.05728786438703537,0.1744142770767212,0.5181402564048767,0,0,0,0,,,,,,,,False,,,,,,,,,
1756275764.565314,0,follower,auto,-0.008453362621366978,0.8958103656768799,-0.7433698177337646,0,1,0,0.008453362621366978,0.10418963432312012,0.7433698177337646,0,0,0,0,1.0,0.0,0.0,0.0,0.0,0.0,0.0,False,,,,,,,,,
1756275764.6657813,1,leader,auto,0.05728786438703537,0.8255857229232788,0.4818597435951233,0,1,1,-0.05728786438703537,0.1744142770767212,0.5181402564048767,0,0,0,0,1.0,0.0,0.0,0.0,0.0,0.0,0.0,False,,,,,,,,,
1756275764.6671944,0,follower,auto,-0.00172236782964319,0.8895648121833801,-0.740405797958374,0,1,0,0.00172236782964319,0.11043518781661987,0.740405797958374,0,0,0,0,,,,,,,,False,,,,,,,,,
1756275764.7680905,1,follower,auto,0.06076846271753311,0.8493796586990356,0.4845641255378723,0,1,1,-0.06076846271753311,0.15062034130096436,0.5154358744621277,0,0,0,0,,,,,,,,False,,,,,,,,,
1756275764.9716768,0,follower,auto,-0.00172236782964319,0.8895648121833801,-0.740405797958374,0,1,0,0.00172236782964319,0.11043518781661987,0.740405797958374,0,0,0,0,1.0,0.0,0.0,0.0,0.0,0.0,0.0,False,,,,,,,,,
1756275765.0720704,1,leader,auto,0.06076846271753311,0.8493796586990356,0.4845641255378723,0,1,1,-0.06076846271753311,0.15062034130096436,0.5154358744621277,0,0,0,0,1.0,0.0,0.0,0.0,0.0,0.0,0.0,False,,,,,,,,,
1756275765.0733473,0,follower,auto,0.0016506939427927136,0.8861004710197449,-0.7346192002296448,0,1,0,-0.0016506939427927136,0.11389952898025513,0.7346192002296448,0,0,0,0,,,,,,,,False,,,,,,,,,
1756275765.1738935,1,follower,auto,0.06389079242944717,0.8618291616439819,0.4860980808734894,0,1,1,-0.06389079242944717,0.13817083835601807,0.5139019191265106,0,0,0,0,,,,,,,,False,,,,,,,,,
1756275765.2790983,0,follower,auto,0.0016506939427927136,0.8861004710197449,-0.7346192002296448,0,1,0,-0.0016506939427927136,0.11389952898025513,0.7346192002296448,0,0,0,0,1.0,0.0,0.0,0.0,0.0,0.0,0.0,False,,,,,,,,,
1756275765.3793921,1,leader,auto,0.06389079242944717,0.8618291616439819,0.4860980808734894,0,1,1,-0.06389079242944717,0.13817083835601807,0.5139019191265106,0,0,0,0,1.0,0.0,0.0,0.0,0.0,0.0,0.0,False,,,,,,,,,
1756275765.3799891,0,follower,auto,0.006453561130911112,0.8845627903938293,-0.7306749224662781,0,1,0,-0.006453561130911112,0.11543720960617065,0.7306749224662781,0,0,0,0,,,,,,,,False,,,,,,,,,
1756275765.480542,1,follower,auto,0.06303808838129044,0.8575333952903748,0.48953333497047424,0,1,1,-0.06303808838129044,0.14246660470962524,0.5104666650295258,0,0,0,0,,,,,,,,False,,,,,,,,,
1756275765.6041772,0,follower,auto,0.006453561130911112,0.8845627903938293,-0.7306749224662781,0,1,0,-0.006453561130911112,0.11543720960617065,0.7306749224662781,0,0,0,0,1.0,0.0,0.0,0.0,0.0,0.0,0.0,False,,,,,,,,,
1756275765.7046769,1,leader,auto,0.06303808838129044,0.8575333952903748,0.48953333497047424,0,1,1,-0.06303808838129044,0.14246660470962524,0.5104666650295258,0,0,0,0,1.0,0.0,0.0,0.0,0.0,0.0,0.0,False,,,,,,,,,
1756275765.7053297,0,follower,auto,0.013973418623209,0.8856663703918457,-0.7299038767814636,0,1,0,-0.013973418623209,0.1143336296081543,0.7299038767814636,0,0,0,0,,,,,,,,False,,,,,,,,,
1756275765.8058722,1,follower,auto,0.05879327654838562,0.847559928894043,0.48746269941329956,0,1,1,-0.05879327654838562,0.15244007110595703,0.5125373005867004,0,0,0,0,,,,,,,,False,,,,,,,,,
1756275765.9874387,0,follower,auto,0.013973418623209,0.8856663703918457,-0.7299038767814636,0,1,0,-0.013973418623209,0.1143336296081543,0.7299038767814636,0,0,0,0,1.0,0.0,0.0,0.0,0.0,0.0,0.0,False,,,,,,,,,
1756275766.0880313,1,leader,auto,0.05879327654838562,0.847559928894043,0.48746269941329956,0,1,1,-0.05879327654838562,0.15244007110595703,0.5125373005867004,0,0,0,0,1.0,0.0,0.0,0.0,0.0,0.0,0.0,False,,,,,,,,,
1756275766.089885,0,follower,auto,0.017617803066968918,0.884980320930481,-0.7308643460273743,0,1,0,-0.017617803066968918,0.11501967906951904,0.7308643460273743,0,0,0,0,,,,,,,,False,,,,,,,,,
1756275766.1905782,1,follower,auto,0.05011208727955818,0.8371530771255493,0.4814015030860901,0,1,1,-0.05011208727955818,0.16284692287445068,0.5185984969139099,0,0,0,0,,,,,,,,False,,,,,,,,,
1756275766.295396,0,follower,auto,0.017617803066968918,0.884980320930481,-0.7308643460273743,0,1,0,-0.017617803066968918,0.11501967906951904,0.7308643460273743,0,0,0,0,1.0,0.0,0.0,0.0,0.0,0.0,0.0,False,,,,,,,,,
1756275766.3958983,1,leader,auto,0.05011208727955818,0.8371530771255493,0.4814015030860901,0,1,1,-0.05011208727955818,0.16284692287445068,0.5185984969139099,0,0,0,0,1.0,0.0,0.0,0.0,0.0,0.0,0.0,False,,,,,,,,,
1756275766.3991475,0,follower,auto,0.01837221346795559,0.8812741041183472,-0.7312851548194885,0,1,0,-0.01837221346795559,0.11872589588165283,0.7312851548194885,0,0,0,0,,,,,,,,False,,,,,,,,,
1756275766.5002103,1,follower,auto,0.04619832709431648,0.8295247554779053,0.47794264554977417,0,1,1,-0.04619832709431648,0.17047524452209473,0.5220573544502258,0,0,0,0,,,,,,,,False,,,,,,,,,
1756275766.6550517,0,follower,auto,0.01837221346795559,0.8812741041183472,-0.7312851548194885,0,1,0,-0.01837221346795559,0.11872589588165283,0.7312851548194885,0,0,0,0,1.0,0.0,0.0,0.0,0.0,0.0,0.0,False,,,,,,,,,
1756275766.755616,1,leader,auto,0.04619832709431648,0.8295247554779053,0.47794264554977417,0,1,1,-0.04619832709431648,0.17047524452209473,0.5220573544502258,0,0,0,0,1.0,0.0,0.0,0.0,0.0,0.0,0.0,False,,,,,,,,,
1756275766.7694561,0,follower,auto,0.02266266569495201,0.8746874928474426,-0.7350925207138062,0,1,0,-0.02266266569495201,0.12531250715255737,0.7350925207138062,0,0,0,0,,,,,,,,False,,,,,,,,,
1756275766.8703585,1,follower,auto,0.04307646304368973,0.8243346214294434,0.47790661454200745,0,1,1,-0.04307646304368973,0.17566537857055664,0.5220933854579926,0,0,0,0,,,,,,,,False,,,,,,,,,
1756275767.0094209,0,follower,auto,0.02266266569495201,0.8746874928474426,-0.7350925207138062,0,1,0,-0.02266266569495201,0.12531250715255737,0.7350925207138062,0,0,0,0,1.0,0.0,0.0,0.0,0.0,0.0,0.0,False,,,,,,,,,
1756275767.1098948,1,leader,auto,0.04307646304368973,0.8243346214294434,0.47790661454200745,0,1,1,-0.04307646304368973,0.17566537857055664,0.5220933854579926,0,0,0,0,1.0,0.0,0.0,0.0,0.0,0.0,0.0,False,,,,,,,,,
1756275767.1103377,0,follower,auto,0.03131141886115074,0.8729193210601807,-0.7479350566864014,0,1,0,-0.03131141886115074,0.12708067893981934,0.7479350566864014,0,0,0,0,,,,,,,,False,,,,,,,,,
1756275767.210703,1,follower,auto,0.038970839232206345,0.8244456648826599,0.48382771015167236,0,1,1,-0.038970839232206345,0.1755543351173401,0.5161722898483276,0,0,0,0,,,,,,,,False,,,,,,,,,
1756275767.3185802,0,follower,auto,0.03131141886115074,0.8729193210601807,-0.7479350566864014,0,1,0,-0.03131141886115074,0.12708067893981934,0.7479350566864014,0,0,0,0,1.0,0.0,0.0,0.0,0.0,0.0,0.0,False,,,,,,,,,
1756275767.4189188,1,leader,auto,0.038970839232206345,0.8244456648826599,0.48382771015167236,0,1,1,-0.038970839232206345,0.1755543351173401,0.5161722898483276,0,0,0,0,1.0,0.0,0.0,0.0,0.0,0.0,0.0,False,,,,,,,,,
1756275767.4201431,0,follower,auto,0.03301115706562996,0.8700231909751892,-0.7597405314445496,0,1,0,-0.03301115706562996,0.1299768090248108,0.7597405314445496,0,0,0,0,,,,,,,,False,,,,,,,,,
1756275767.5211637,1,follower,auto,0.03250785917043686,0.8242769837379456,0.48875710368156433,0,1,1,-0.03250785917043686,0.17572301626205444,0.5112428963184357,0,0,0,0,,,,,,,,False,,,,,,,,,
1756275767.6239593,0,follower,auto,0.03301115706562996,0.8700231909751892,-0.7597405314445496,0,1,0,-0.03301115706562996,0.1299768090248108,0.7597405314445496,0,0,0,0,1.0,0.0,0.0,0.0,0.0,0.0,0.0,False,,,,,,,,,
1756275767.7250278,1,leader,auto,0.03250785917043686,0.8242769837379456,0.48875710368156433,0,1,1,-0.03250785917043686,0.17572301626205444,0.5112428963184357,0,0,0,0,1.0,0.0,0.0,0.0,0.0,0.0,0.0,False,,,,,,,,,
1756275767.7256696,0,follower,auto,0.031974438577890396,0.867901623249054,-0.7707942724227905,0,1,0,-0.031974438577890396,0.13209837675094604,0.7707942724227905,0,0,0,0,,,,,,,,False,,,,,,,,,
1756275767.8263085,1,follower,auto,0.02631530538201332,0.8231015801429749,0.492633581161499,0,1,1,-0.02631530538201332,0.17689841985702515,0.507366418838501,0,0,0,0,,,,,,,,False,,,,,,,,,
1756275767.9821928,0,follower,auto,0.031974438577890396,0.867901623249054,-0.7707942724227905,0,1,0,-0.031974438577890396,0.13209837675094604,0.7707942724227905,0,0,0,0,1.0,0.0,0.0,0.0,0.0,0.0,0.0,False,,,,,,,,,
1756275768.0824518,1,leader,auto,0.02631530538201332,0.8231015801429749,0.492633581161499,0,1,1,-0.02631530538201332,0.17689841985702515,0.507366418838501,0,0,0,0,1.0,0.0,0.0,0.0,0.0,0.0,0.0,False,,,,,,,,,
1756275768.08298,0,follower,auto,0.0310241486877203,0.8649981617927551,-0.7691292762756348,0,1,0,-0.0310241486877203,0.13500183820724487,0.7691292762756348,0,0,0,0,,,,,,,,False,,,,,,,,,
1756275768.1833599,1,follower,auto,0.021130314096808434,0.8212369084358215,0.498053640127182,0,1,1,-0.021130314096808434,0.17876309156417847,0.501946359872818,0,0,0,0,,,,,,,,False,,,,,,,,,
1756275768.308116,0,follower,auto,0.0310241486877203,0.8649981617927551,-0.7691292762756348,0,1,0,-0.0310241486877203,0.13500183820724487,0.7691292762756348,0,0,0,0,1.0,0.0,0.0,0.0,0.0,0.0,0.0,False,,,,,,,,,
1756275768.40848,1,leader,auto,0.021130314096808434,0.8212369084358215,0.498053640127182,0,1,1,-0.021130314096808434,0.17876309156417847,0.501946359872818,0,0,0,0,1.0,0.0,0.0,0.0,0.0,0.0,0.0,False,,,,,,,,,
1756275768.409167,0,follower,auto,0.026518890634179115,0.8633984923362732,-0.7506535053253174,0,1,0,-0.026518890634179115,0.1366015076637268,0.7506535053253174,0,0,0,0,,,,,,,,False,,,,,,,,,
1756275768.5096416,1,follower,auto,0.015919864177703857,0.8173367381095886,0.5000876188278198,0,1,1,-0.015919864177703857,0.18266326189041138,0.4999123811721802,0,0,0,0,,,,,,,,False,,,,,,,,,
1756275768.6926389,0,follower,auto,0.026518890634179115,0.8633984923362732,-0.7506535053253174,0,1,0,-0.026518890634179115,0.1366015076637268,0.7506535053253174,0,0,0,0,1.0,0.0,0.0,0.0,0.0,0.0,0.0,False,,,,,,,,,
1756275768.7930875,1,leader,auto,0.015919864177703857,0.8173367381095886,0.5000876188278198,0,1,1,-0.015919864177703857,0.18266326189041138,0.4999123811721802,0,0,0,0,1.0,0.0,0.0,0.0,0.0,0.0,0.0,False,,,,,,,,,
1756275768.793739,0,follower,auto,0.019194841384887695,0.8622584342956543,-0.7249850034713745,0,1,0,-0.019194841384887695,0.1377415657043457,0.7249850034713745,0,0,0,0,,,,,,,,False,,,,,,,,,
1756275768.8942204,1,follower,auto,0.008579415269196033,0.8143994808197021,0.502106249332428,0,1,1,-0.008579415269196033,0.18560051918029785,0.497893750667572,0,0,0,0,,,,,,,,False,,,,,,,,,
1756275769.0183454,0,follower,auto,0.019194841384887695,0.8622584342956543,-0.7249850034713745,0,1,0,-0.019194841384887695,0.1377415657043457,0.7249850034713745,0,0,0,0,1.0,0.0,0.0,0.0,0.0,0.0,0.0,False,,,,,,,,,
1756275769.1188686,1,leader,auto,0.008579415269196033,0.8143994808197021,0.502106249332428,0,1,1,-0.008579415269196033,0.18560051918029785,0.497893750667572,0,0,0,0,1.0,0.0,0.0,0.0,0.0,0.0,0.0,False,,,,,,,,,
1756275769.1195927,0,follower,auto,0.014442936517298222,0.870302140712738,-0.7123080492019653,0,1,0,-0.014442936517298222,0.12969785928726196,0.7123080492019653,0,0,0,0,,,,,,,,False,,,,,,,,,
1756275769.2199812,1,follower,auto,0.0009204401285387576,0.8190439939498901,0.5057936906814575,0,1,1,-0.0009204401285387576,0.18095600605010986,0.4942063093185425,0,0,0,0,,,,,,,,False,,,,,,,,,
1756275769.4066072,0,follower,auto,0.014442936517298222,0.870302140712738,-0.7123080492019653,0,1,0,-0.014442936517298222,0.12969785928726196,0.7123080492019653,0,0,0,0,1.0,0.0,0.0,0.0,0.0,0.0,0.0,False,,,,,,,,,
1756275769.5071235,1,leader,auto,0.0009204401285387576,0.8190439939498901,0.5057936906814575,0,1,1,-0.0009204401285387576,0.18095600605010986,0.4942063093185425,0,0,0,0,1.0,0.0,0.0,0.0,0.0,0.0,0.0,False,,,,,,,,,
1756275769.5086317,0,follower,auto,0.015531863085925579,0.8846167325973511,-0.7023037075996399,0,1,0,-0.015531863085925579,0.11538326740264893,0.7023037075996399,0,0,0,0,,,,,,,,False,,,,,,,,,
1756275769.6097214,1,follower,auto,-0.007407326716929674,0.8321171402931213,0.5110598802566528,0,1,1,0.007407326716929674,0.16788285970687866,0.48894011974334717,0,0,0,0,,,,,,,,False,,,,,,,,,
1756275769.7165344,0,follower,auto,0.015531863085925579,0.8846167325973511,-0.7023037075996399,0,1,0,-0.015531863085925579,0.11538326740264893,0.7023037075996399,0,0,0,0,1.0,0.0,0.0,0.0,0.0,0.0,0.0,False,,,,,,,,,
1756275769.8169475,1,leader,auto,-0.007407326716929674,0.8321171402931213,0.5110598802566528,0,1,1,0.007407326716929674,0.16788285970687866,0.48894011974334717,0,0,0,0,1.0,0.0,0.0,0.0,0.0,0.0,0.0,False,,,,,,,,,
1756275769.8189726,0,follower,auto,0.015201758593320847,0.8956894278526306,-0.7046827673912048,0.05,1.0,0.0,0.034798241406679156,0.10431057214736938,0.7046827673912048,0,0,0,0,,,,,,,,False,,,,,,,,,
1756275769.920077,1,follower,auto,-0.010408892296254635,0.8392259478569031,0.5135751962661743,0.05,1.0,1.0,0.06040889229625464,0.16077405214309692,0.4864248037338257,0,0,0,0,,,,,,,,False,,,,,,,,,
1756275770.1251912,0,follower,auto,0.015201758593320847,0.8956894278526306,-0.7046827673912048,0.05,1.0,0.0,0.034798241406679156,0.10431057214736938,0.7046827673912048,0,0,0,0,1.0,0.0,0.0,0.0,0.0,0.0,0.0,False,,,,,,,,,
1756275770.2257345,1,leader,auto,-0.010408892296254635,0.8392259478569031,0.5135751962661743,0.05,1.0,1.0,0.06040889229625464,0.16077405214309692,0.4864248037338257,0,0,0,0,1.0,0.0,0.0,0.0,0.0,0.0,0.0,False,,,,,,,,,
1756275770.2263453,0,follower,auto,0.01273548323661089,0.9028867483139038,-0.7199023962020874,0.1,1.0,0.0,0.08726451676338912,0.09711325168609619,0.7199023962020874,0,0,0,0,,,,,,,,False,,,,,,,,,
1756275770.3266845,1,follower,auto,-0.012492036446928978,0.8484042882919312,0.5137081742286682,0.1,1.0,1.0,0.11249203644692898,0.15159571170806885,0.4862918257713318,0,0,0,0,,,,,,,,False,,,,,,,,,
1756275770.481486,0,follower,auto,0.01273548323661089,0.9028867483139038,-0.7199023962020874,0.1,1.0,0.0,0.08726451676338912,0.09711325168609619,0.7199023962020874,0,0,0,0,1.0,0.0,0.0,0.0,0.0,0.0,0.0,False,,,,,,,,,
1756275770.5820105,1,leader,auto,-0.012492036446928978,0.8484042882919312,0.5137081742286682,0.1,1.0,1.0,0.11249203644692898,0.15159571170806885,0.4862918257713318,0,0,0,0,1.0,0.0,0.0,0.0,0.0,0.0,0.0,False,,,,,,,,,
1756275770.583832,0,follower,auto,0.013176222331821918,0.9095726013183594,-0.7413952946662903,0.15000000000000002,1.0,0.0,0.1368237776681781,0.09042739868164062,0.7413952946662903,0,0,0,0,,,,,,,,False,,,,,,,,,
1756275770.6847703,1,follower,auto,-0.011634830385446548,0.8567814826965332,0.5119234323501587,0.15000000000000002,1.0,1.0,0.16163483038544657,0.1432185173034668,0.4880765676498413,0,0,0,0,,,,,,,,False,,,,,,,,,
1756275770.7870448,0,follower,auto,0.013176222331821918,0.9095726013183594,-0.7413952946662903,0.15000000000000002,1.0,0.0,0.1368237776681781,0.09042739868164062,0.7413952946662903,0,0,0,0,1.0,0.0,0.0,0.0,0.0,0.0,0.0,False,,,,,,,,,
1756275770.8880026,1,leader,auto,-0.011634830385446548,0.8567814826965332,0.5119234323501587,0.15000000000000002,1.0,1.0,0.16163483038544657,0.1432185173034668,0.4880765676498413,0,0,0,0,1.0,0.0,0.0,0.0,0.0,0.0,0.0,False,,,,,,,,,
1756275770.889716,0,follower,auto,0.02225370518863201,0.9131876230239868,-0.7551908493041992,0.2,1.0,0.0,0.177746294811368,0.08681237697601318,0.7551908493041992,0,0,0,0,,,,,,,,False,,,,,,,,,
1756275770.990665,1,follower,auto,-0.009474256075918674,0.8636050820350647,0.5116695165634155,0.2,1.0,1.0,0.20947425607591869,0.1363949179649353,0.4883304834365845,0,0,0,0,,,,,,,,False,,,,,,,,,
1756275771.0924757,0,follower,auto,0.02225370518863201,0.9131876230239868,-0.7551908493041992,0.2,1.0,0.0,0.177746294811368,0.08681237697601318,0.7551908493041992,0,0,0,0,1.0,0.0,0.0,0.0,0.0,0.0,0.0,False,,,,,,,,,
1756275771.1927326,1,leader,auto,-0.009474256075918674,0.8636050820350647,0.5116695165634155,0.2,1.0,1.0,0.20947425607591869,0.1363949179649353,0.4883304834365845,0,0,0,0,1.0,0.0,0.0,0.0,0.0,0.0,0.0,False,,,,,,,,,
1756275771.193276,0,follower,auto,0.030431104823946953,0.9108018279075623,-0.7526013255119324,0.25,1.0,0.0,0.21956889517605305,0.08919817209243774,0.7526013255119324,0,0,0,0,,,,,,,,False,,,,,,,,,
1756275771.2936852,1,follower,auto,-0.0066107711754739285,0.8663395643234253,0.5117235779762268,0.25,1.0,1.0,0.25661077117547393,0.1336604356765747,0.4882764220237732,0,0,0,0,,,,,,,,False,,,,,,,,,
1756275771.399134,0,follower,auto,0.030431104823946953,0.9108018279075623,-0.7526013255119324,0.25,1.0,0.0,0.21956889517605305,0.08919817209243774,0.7526013255119324,0,0,0,0,1.0,0.0,0.0,0.0,0.0,0.0,0.0,False,,,,,,,,,
1756275771.4996555,1,leader,auto,-0.0066107711754739285,0.8663395643234253,0.5117235779762268,0.25,1.0,1.0,0.25661077117547393,0.1336604356765747,0.4882764220237732,0,0,0,0,1.0,0.0,0.0,0.0,0.0,0.0,0.0,False,,,,,,,,,
1756275771.5021613,0,follower,auto,0.03928099200129509,0.9129807353019714,-0.7437179684638977,0.3,1.0,0.0,0.2607190079987049,0.08701926469802856,0.7437179684638977,0,0,0,0,,,,,,,,False,,,,,,,,,
1756275771.6036532,1,follower,auto,-0.003970605321228504,0.8666415214538574,0.5114402770996094,0.3,1.0,1.0,0.3039706053212285,0.13335847854614258,0.4885597229003906,0,0,0,0,,,,,,,,False,,,,,,,,,
1756275771.7124019,0,follower,auto,0.03928099200129509,0.9129807353019714,-0.7437179684638977,0.3,1.0,0.0,0.2607190079987049,0.08701926469802856,0.7437179684638977,0,0,0,0,1.0,0.0,0.0,0.0,0.0,0.0,0.0,False,,,,,,,,,
1756275771.8127582,1,leader,auto,-0.003970605321228504,0.8666415214538574,0.5114402770996094,0.3,1.0,1.0,0.3039706053212285,0.13335847854614258,0.4885597229003906,0,0,0,0,1.0,0.0,0.0,0.0,0.0,0.0,0.0,False,,,,,,,,,
1756275771.8208988,0,follower,auto,0.04830716550350189,0.9187494516372681,-0.7416830658912659,0.35,1.0,0.0,0.3016928344964981,0.08125054836273193,0.7416830658912659,0,0,0,0,,,,,,,,False,,,,,,,,,
1756275771.9214168,1,follower,auto,-0.0003223114472348243,0.8629367351531982,0.5104003548622131,0.35,1.0,1.0,0.3503223114472348,0.13706326484680176,0.48959964513778687,0,0,0,0,,,,,,,,False,,,,,,,,,
1756275772.112941,0,follower,auto,0.04830716550350189,0.9187494516372681,-0.7416830658912659,0.35,1.0,0.0,0.3016928344964981,0.08125054836273193,0.7416830658912659,0,0,0,0,1.0,0.0,0.0,0.0,0.0,0.0,0.0,False,,,,,,,,,
1756275772.213497,1,leader,auto,-0.0003223114472348243,0.8629367351531982,0.5104003548622131,0.35,1.0,1.0,0.3503223114472348,0.13706326484680176,0.48959964513778687,0,0,0,0,1.0,0.0,0.0,0.0,0.0,0.0,0.0,False,,,,,,,,,
1756275772.215343,0,follower,auto,0.05459349602460861,0.9211611747741699,-0.7410649657249451,0.39999999999999997,1.0,0.0,0.34540650397539135,0.07883882522583008,0.7410649657249451,0,0,0,0,,,,,,,,False,,,,,,,,,
1756275772.3163495,1,follower,auto,0.0034827885683625937,0.8569476008415222,0.5080130100250244,0.39999999999999997,1.0,1.0,0.3965172114316374,0.14305239915847778,0.4919869899749756,0,0,0,0,,,,,,,,False,,,,,,,,,
1756275772.418147,0,follower,auto,0.05459349602460861,0.9211611747741699,-0.7410649657249451,0.39999999999999997,1.0,0.0,0.34540650397539135,0.07883882522583008,0.7410649657249451,0,0,0,0,1.0,0.0,0.0,0.0,0.0,0.0,0.0,False,,,,,,,,,
1756275772.5185459,1,leader,auto,0.0034827885683625937,0.8569476008415222,0.5080130100250244,0.39999999999999997,1.0,1.0,0.3965172114316374,0.14305239915847778,0.4919869899749756,0,0,0,0,1.0,0.0,0.0,0.0,0.0,0.0,0.0,False,,,,,,,,,
1756275772.5198946,0,follower,auto,0.05689212307333946,0.9197775721549988,-0.7370054721832275,0.44999999999999996,1.0,0.0,0.3931078769266605,0.08022242784500122,0.7370054721832275,0,0,0,0,,,,,,,,False,,,,,,,,,
1756275772.620862,1,follower,auto,0.004791582934558392,0.8509597182273865,0.5068296194076538,0.44999999999999996,1.0,1.0,0.44520841706544156,0.14904028177261353,0.4931703805923462,0,0,0,0,,,,,,,,False,,,,,,,,,
1756275772.8329556,0,follower,auto,0.05689212307333946,0.9197775721549988,-0.7370054721832275,0.44999999999999996,1.0,0.0,0.3931078769266605,0.08022242784500122,0.7370054721832275,0,0,0,0,1.0,0.0,0.0,0.0,0.0,0.0,0.0,False,,,,,,,,,
1756275772.933379,1,leader,auto,0.004791582934558392,0.8509597182273865,0.5068296194076538,0.44999999999999996,1.0,1.0,0.44520841706544156,0.14904028177261353,0.4931703805923462,0,0,0,0,1.0,0.0,0.0,0.0,0.0,0.0,0.0,False,,,,,,,,,
1756275772.9338646,0,follower,auto,0.058475345373153687,0.917921781539917,-0.7387104630470276,0.49999999999999994,1.0,0.0,0.44152465462684626,0.08207821846008301,0.7387104630470276,0,0,0,0,,,,,,,,False,,,,,,,,,
1756275773.0341923,1,follower,auto,0.0024024771992117167,0.8495621681213379,0.508553683757782,0.49999999999999994,1.0,1.0,0.49759752280078823,0.1504378318786621,0.491446316242218,0,0,0,0,,,,,,,,False,,,,,,,,,
1756275773.2340388,0,follower,auto,0.058475345373153687,0.917921781539917,-0.7387104630470276,0.49999999999999994,1.0,0.0,0.44152465462684626,0.08207821846008301,0.7387104630470276,0,0,0,0,1.0,0.0,0.0,0.0,0.0,0.0,0.0,False,,,,,,,,,
1756275773.3344114,1,leader,auto,0.0024024771992117167,0.8495621681213379,0.508553683757782,0.49999999999999994,1.0,1.0,0.49759752280078823,0.1504378318786621,0.491446316242218,0,0,0,0,1.0,0.0,0.0,0.0,0.0,0.0,0.0,False,,,,,,,,,
1756275773.3350272,0,follower,auto,0.06755202263593674,0.909724771976471,-0.7534404993057251,0.5499999999999999,1.0,0.0,0.4824479773640632,0.09027522802352905,0.7534404993057251,0,0,0,0,,,,,,,,False,,,,,,,,,
1756275773.4354925,1,follower,auto,-0.002101191319525242,0.8533504009246826,0.5112401843070984,0.5499999999999999,1.0,1.0,0.5521011913195252,0.14664959907531738,0.4887598156929016,0,0,0,0,,,,,,,,False,,,,,,,,,
1756275773.540354,0,follower,auto,0.06755202263593674,0.909724771976471,-0.7534404993057251,0.5499999999999999,1.0,0.0,0.4824479773640632,0.09027522802352905,0.7534404993057251,0,0,0,0,1.0,0.0,0.0,0.0,0.0,0.0,0.0,False,,,,,,,,,
1756275773.6408172,1,leader,auto,-0.002101191319525242,0.8533504009246826,0.5112401843070984,0.5499999999999999,1.0,1.0,0.5521011913195252,0.14664959907531738,0.4887598156929016,0,0,0,0,1.0,0.0,0.0,0.0,0.0,0.0,0.0,False,,,,,,,,,
1756275773.6419685,0,follower,auto,0.07130993902683258,0.9009058475494385,-0.7575572729110718,0.6,1.0,0.0,0.5286900609731674,0.09909415245056152,0.7575572729110718,0,0,0,0,,,,,,,,False,,,,,,,,,
1756275773.7425766,1,follower,auto,-0.0068311626091599464,0.853364109992981,0.5116091370582581,0.6,1.0,1.0,0.6068311626091599,0.14663589000701904,0.48839086294174194,0,0,0,0,,,,,,,,False,,,,,,,,,
1756275773.8508835,0,follower,auto,0.07130993902683258,0.9009058475494385,-0.7575572729110718,0.6,1.0,0.0,0.5286900609731674,0.09909415245056152,0.7575572729110718,0,0,0,0,1.0,0.0,0.0,0.0,0.0,0.0,0.0,False,,,,,,,,,
1756275773.9514546,1,leader,auto,-0.0068311626091599464,0.853364109992981,0.5116091370582581,0.6,1.0,1.0,0.6068311626091599,0.14663589000701904,0.48839086294174194,0,0,0,0,1.0,0.0,0.0,0.0,0.0,0.0,0.0,False,,,,,,,,,
1756275773.9530847,0,follower,auto,0.06500975787639618,0.8884318470954895,-0.7538980841636658,0.65,1.0,0.0,0.5849902421236038,0.1115681529045105,0.7538980841636658,0,0,0,0,,,,,,,,False,,,,,,,,,
1756275774.0544887,1,follower,auto,-0.01230640895664692,0.8516548871994019,0.5100259184837341,0.65,1.0,1.0,0.6623064089566469,0.14834511280059814,0.48997408151626587,0,0,0,0,,,,,,,,False,,,,,,,,,
1756275774.2134728,0,follower,auto,0.06500975787639618,0.8884318470954895,-0.7538980841636658,0.65,1.0,0.0,0.5849902421236038,0.1115681529045105,0.7538980841636658,0,0,0,0,1.0,0.0,0.0,0.0,0.0,0.0,0.0,False,,,,,,,,,
1756275774.3138914,1,leader,auto,-0.01230640895664692,0.8516548871994019,0.5100259184837341,0.65,1.0,1.0,0.6623064089566469,0.14834511280059814,0.48997408151626587,0,0,0,0,1.0,0.0,0.0,0.0,0.0,0.0,0.0,False,,,,,,,,,
1756275774.3145437,0,follower,auto,0.05179670453071594,0.8847702145576477,-0.7502275109291077,0.7000000000000001,1.0,0.0,0.6482032954692841,0.1152297854423523,0.7502275109291077,0,0,0,0,,,,,,,,False,,,,,,,,,
1756275774.4153552,1,follower,auto,-0.018537219613790512,0.8490323424339294,0.507857084274292,0.7000000000000001,1.0,1.0,0.7185372196137906,0.15096765756607056,0.492142915725708,0,0,0,0,,,,,,,,False,,,,,,,,,
1756275774.525291,0,follower,auto,0.05179670453071594,0.8847702145576477,-0.7502275109291077,0.7000000000000001,1.0,0.0,0.6482032954692841,0.1152297854423523,0.7502275109291077,0,0,0,0,1.0,0.0,0.0,0.0,0.0,0.0,0.0,False,,,,,,,,,
1756275774.625595,1,leader,auto,-0.018537219613790512,0.8490323424339294,0.507857084274292,0.7000000000000001,1.0,1.0,0.7185372196137906,0.15096765756607056,0.492142915725708,0,0,0,0,1.0,0.0,0.0,0.0,0.0,0.0,0.0,False,,,,,,,,,
1756275774.6262417,0,follower,auto,0.04299492761492729,0.888727068901062,-0.7491735219955444,0.7000000000000001,1.0,0.0,0.6570050723850728,0.11127293109893799,0.7491735219955444,0,0,0,0,,,,,,,,False,,,,,,,,,
1756275774.7266946,1,follower,auto,-0.025387784466147423,0.8481331467628479,0.5084523558616638,0.7000000000000001,1.0,1.0,0.7253877844661475,0.1518668532371521,0.4915476441383362,0,0,0,0,,,,,,,,False,,,,,,,,,
1756275774.9247744,0,follower,auto,0.04299492761492729,0.888727068901062,-0.7491735219955444,0.7000000000000001,1.0,0.0,0.6570050723850728,0.11127293109893799,0.7491735219955444,0,0,0,0,1.0,0.0,0.0,0.0,0.0,0.0,0.0,False,,,,,,,,,
1756275775.0251026,1,leader,auto,-0.025387784466147423,0.8481331467628479,0.5084523558616638,0.7000000000000001,1.0,1.0,0.7253877844661475,0.1518668532371521,0.4915476441383362,0,0,0,0,1.0,0.0,0.0,0.0,0.0,0.0,0.0,False,,,,,,,,,
1756275775.0255363,0,follower,auto,0.040806613862514496,0.8984043598175049,-0.7384103536605835,0.7000000000000001,1.0,0.0,0.6591933861374856,0.10159564018249512,0.7384103536605835,0,0,0,0,,,,,,,,False,,,,,,,,,
1756275775.12591,1,follower,auto,-0.033640533685684204,0.8507425785064697,0.5118913054466248,0.7000000000000001,1.0,1.0,0.7336405336856843,0.14925742149353027,0.48810869455337524,0,0,0,0,,,,,,,,False,,,,,,,,,
1756275775.2320566,0,follower,auto,0.040806613862514496,0.8984043598175049,-0.7384103536605835,0.7000000000000001,1.0,0.0,0.6591933861374856,0.10159564018249512,0.7384103536605835,0,0,0,0,1.0,0.0,0.0,0.0,0.0,0.0,0.0,False,,,,,,,,,
1756275775.3323777,1,leader,auto,-0.033640533685684204,0.8507425785064697,0.5118913054466248,0.7000000000000001,1.0,1.0,0.7336405336856843,0.14925742149353027,0.48810869455337524,0,0,0,0,1.0,0.0,0.0,0.0,0.0,0.0,0.0,False,,,,,,,,,
1756275775.3330228,0,follower,auto,0.043988026678562164,0.900547981262207,-0.728378176689148,0.7000000000000001,1.0,0.0,0.6560119733214379,0.09945201873779297,0.728378176689148,0,0,0,0,,,,,,,,False,,,,,,,,,
1756275775.4334252,1,follower,auto,-0.03612178936600685,0.8515090942382812,0.5155537128448486,0.7000000000000001,1.0,1.0,0.7361217893660069,0.14849090576171875,0.48444628715515137,0,0,0,0,,,,,,,,False,,,,,,,,,
1756275775.5392015,0,follower,auto,0.043988026678562164,0.900547981262207,-0.728378176689148,0.7000000000000001,1.0,0.0,0.6560119733214379,0.09945201873779297,0.728378176689148,0,0,0,0,1.0,0.0,0.0,0.0,0.0,0.0,0.0,False,,,,,,,,,
1756275775.6396968,1,leader,auto,-0.03612178936600685,0.8515090942382812,0.5155537128448486,0.7000000000000001,1.0,1.0,0.7361217893660069,0.14849090576171875,0.48444628715515137,0,0,0,0,1.0,0.0,0.0,0.0,0.0,0.0,0.0,False,,,,,,,,,
1756275775.641138,0,follower,auto,0.04842108115553856,0.9002373814582825,-0.7212445735931396,0.7000000000000001,1.0,0.0,0.6515789188444615,0.09976261854171753,0.7212445735931396,0,0,0,0,,,,,,,,False,,,,,,,,,
1756275775.7422779,1,follower,auto,-0.03471323102712631,0.8518075346946716,0.5174919962882996,0.7000000000000001,1.0,1.0,0.7347132310271264,0.14819246530532837,0.48250800371170044,0,0,0,0,,,,,,,,False,,,,,,,,,
1756275775.940515,0,follower,auto,0.04842108115553856,0.9002373814582825,-0.7212445735931396,0.7000000000000001,1.0,0.0,0.6515789188444615,0.09976261854171753,0.7212445735931396,0,0,0,0,1.0,0.0,0.0,0.0,0.0,0.0,0.0,False,,,,,,,,,
1756275776.0412607,1,leader,auto,-0.03471323102712631,0.8518075346946716,0.5174919962882996,0.7000000000000001,1.0,1.0,0.7347132310271264,0.14819246530532837,0.48250800371170044,0,0,0,0,1.0,0.0,0.0,0.0,0.0,0.0,0.0,False,,,,,,,,,
1756275776.0439231,0,follower,auto,0.05633172765374184,0.8959395885467529,-0.7169498205184937,0.7500000000000001,1.0,0.0,0.6936682723462583,0.10406041145324707,0.7169498205184937,0,0,0,0,,,,,,,,False,,,,,,,,,
1756275776.1449487,1,follower,auto,-0.031356558203697205,0.8504334688186646,0.5152609348297119,0.7500000000000001,1.0,1.0,0.7813565582036973,0.14956653118133545,0.4847390651702881,0,0,0,0,,,,,,,,False,,,,,,,,,
1756275776.3464837,0,follower,auto,0.05633172765374184,0.8959395885467529,-0.7169498205184937,0.7500000000000001,1.0,0.0,0.6936682723462583,0.10406041145324707,0.7169498205184937,0,0,0,0,1.0,0.0,0.0,0.0,0.0,0.0,0.0,False,,,,,,,,,
1756275776.4469786,1,leader,auto,-0.031356558203697205,0.8504334688186646,0.5152609348297119,0.7500000000000001,1.0,1.0,0.7813565582036973,0.14956653118133545,0.4847390651702881,0,0,0,0,1.0,0.0,0.0,0.0,0.0,0.0,0.0,False,,,,,,,,,
1756275776.4483104,0,follower,auto,0.056000154465436935,0.8968183994293213,-0.7149718403816223,0.7500000000000001,1.0,0.0,0.6939998455345632,0.10318160057067871,0.7149718403816223,0,0,0,0,,,,,,,,False,,,,,,,,,
1756275776.5491545,1,follower,auto,-0.02966095693409443,0.8456346988677979,0.5081613063812256,0.7500000000000001,1.0,1.0,0.7796609569340945,0.15436530113220215,0.4918386936187744,0,0,0,0,,,,,,,,False,,,,,,,,,
1756275776.6554873,0,follower,auto,0.056000154465436935,0.8968183994293213,-0.7149718403816223,0.7500000000000001,1.0,0.0,0.6939998455345632,0.10318160057067871,0.7149718403816223,0,0,0,0,1.0,0.0,0.0,0.0,0.0,0.0,0.0,False,,,,,,,,,
1756275776.7558997,1,leader,auto,-0.02966095693409443,0.8456346988677979,0.5081613063812256,0.7500000000000001,1.0,1.0,0.7796609569340945,0.15436530113220215,0.4918386936187744,0,0,0,0,1.0,0.0,0.0,0.0,0.0,0.0,0.0,False,,,,,,,,,
1756275776.757504,0,follower,auto,0.050605785101652145,0.8973110318183899,-0.7196524739265442,0.7500000000000001,1.0,0.0,0.699394214898348,0.10268896818161011,0.7196524739265442,0,0,0,0,,,,,,,,False,,,,,,,,,
1756275776.8585122,1,follower,auto,-0.03041481412947178,0.8436948657035828,0.5021247863769531,0.7500000000000001,1.0,1.0,0.7804148141294719,0.15630513429641724,0.4978752136230469,0,0,0,0,,,,,,,,False,,,,,,,,,
1756275777.0162594,0,follower,auto,0.050605785101652145,0.8973110318183899,-0.7196524739265442,0.7500000000000001,1.0,0.0,0.699394214898348,0.10268896818161011,0.7196524739265442,0,0,0,0,1.0,0.0,0.0,0.0,0.0,0.0,0.0,False,,,,,,,,,
1756275777.1165097,1,leader,auto,-0.03041481412947178,0.8436948657035828,0.5021247863769531,0.7500000000000001,1.0,1.0,0.7804148141294719,0.15630513429641724,0.4978752136230469,0,0,0,0,1.0,0.0,0.0,0.0,0.0,0.0,0.0,False,,,,,,,,,
1756275777.1170049,0,follower,auto,0.04319984093308449,0.9048906564712524,-0.7328815460205078,0.7500000000000001,1.0,0.0,0.7068001590669156,0.09510934352874756,0.7328815460205078,0,0,0,0,,,,,,,,False,,,,,,,,,
1756275777.2174015,1,follower,auto,-0.030243849381804466,0.8462798595428467,0.49899476766586304,0.7500000000000001,1.0,1.0,0.7802438493818046,0.15372014045715332,0.501005232334137,0,0,0,0,,,,,,,,False,,,,,,,,,
1756275777.321156,0,follower,auto,0.04319984093308449,0.9048906564712524,-0.7328815460205078,0.7500000000000001,1.0,0.0,0.7068001590669156,0.09510934352874756,0.7328815460205078,0,0,0,0,1.0,0.0,0.0,0.0,0.0,0.0,0.0,False,,,,,,,,,
1756275777.421745,1,leader,auto,-0.030243849381804466,0.8462798595428467,0.49899476766586304,0.7500000000000001,1.0,1.0,0.7802438493818046,0.15372014045715332,0.501005232334137,0,0,0,0,1.0,0.0,0.0,0.0,0.0,0.0,0.0,False,,,,,,,,,
1756275777.4229035,0,follower,auto,0.04432550072669983,0.9100379347801208,-0.7399709820747375,0.7500000000000001,1.0,0.0,0.7056744992733003,0.08996206521987915,0.7399709820747375,0,0,0,0,,,,,,,,False,,,,,,,,,
1756275777.5235438,1,follower,auto,-0.02858700603246689,0.8528448343276978,0.4972662329673767,0.7500000000000001,1.0,1.0,0.778587006032467,0.14715516567230225,0.5027337670326233,0,0,0,0,,,,,,,,False,,,,,,,,,
1756275777.6271706,0,follower,auto,0.04432550072669983,0.9100379347801208,-0.7399709820747375,0.7500000000000001,1.0,0.0,0.7056744992733003,0.08996206521987915,0.7399709820747375,0,0,0,0,1.0,0.0,0.0,0.0,0.0,0.0,0.0,False,,,,,,,,,
1756275777.72758,1,leader,auto,-0.02858700603246689,0.8528448343276978,0.4972662329673767,0.7500000000000001,1.0,1.0,0.778587006032467,0.14715516567230225,0.5027337670326233,0,0,0,0,1.0,0.0,0.0,0.0,0.0,0.0,0.0,False,,,,,,,,,
1756275777.7289643,0,follower,auto,0.05084148794412613,0.9120917320251465,-0.7410438060760498,0.7500000000000001,1.0,0.0,0.699158512055874,0.08790826797485352,0.7410438060760498,0,0,0,0,,,,,,,,False,,,,,,,,,
1756275777.829851,1,follower,auto,-0.025045886635780334,0.857350766658783,0.49624335765838623,0.7500000000000001,1.0,1.0,0.7750458866357804,0.14264923334121704,0.5037566423416138,0,0,0,0,,,,,,,,False,,,,,,,,,
1756275777.9384584,0,follower,auto,0.05084148794412613,0.9120917320251465,-0.7410438060760498,0.7500000000000001,1.0,0.0,0.699158512055874,0.08790826797485352,0.7410438060760498,0,0,0,0,1.0,0.0,0.0,0.0,0.0,0.0,0.0,False,,,,,,,,,
1756275778.0389678,1,leader,auto,-0.025045886635780334,0.857350766658783,0.49624335765838623,0.7500000000000001,1.0,1.0,0.7750458866357804,0.14264923334121704,0.5037566423416138,0,0,0,0,1.0,0.0,0.0,0.0,0.0,0.0,0.0,False,,,,,,,,,
1756275778.141116,0,follower,auto,0.05730537325143814,0.9115321040153503,-0.7369087338447571,0.7500000000000001,1.0,0.0,0.692694626748562,0.08846789598464966,0.7369087338447571,0,0,0,0,,,,,,,,False,,,,,,,,,
1756275780.7472327,1,follower,auto,-0.022540979087352753,0.8596994876861572,0.4965760111808777,0.7500000000000001,1.0,1.0,0.7725409790873529,0.14030051231384277,0.5034239888191223,0,0,0,0,,,,,,,,False,,,,,,,,,
1756275780.9506893,0,follower,auto,0.05730537325143814,0.9115321040153503,-0.7369087338447571,0.7500000000000001,1.0,0.0,0.692694626748562,0.08846789598464966,0.7369087338447571,0,0,0,0,1.0,0.0,0.0,0.0,0.0,0.0,0.0,False,,,,,,,,,
1756275781.0512643,1,leader,auto,-0.022540979087352753,0.8596994876861572,0.4965760111808777,0.7500000000000001,1.0,1.0,0.7725409790873529,0.14030051231384277,0.5034239888191223,0,0,0,0,1.0,0.0,0.0,0.0,0.0,0.0,0.0,False,,,,,,,,,
1756275781.2512143,0,follower,auto,0.06891442090272903,0.05737564340233803,-0.6623201370239258,0.7500000000000001,1.0,0.0,0.6810855790972711,0.942624356597662,0.6623201370239258,0,0,0,0,1.0,0.0,0.0,0.0,0.0,0.0,0.0,False,,,,,,,,,
1756275781.3515751,1,leader,auto,-0.06220366805791855,0.04873737320303917,0.4991457760334015,0.7500000000000001,1.0,1.0,0.8122036680579187,0.9512626267969608,0.5008542239665985,0,0,0,0,1.0,0.0,0.0,0.0,0.0,0.0,0.0,False,,,,,,,,,
1756275781.5577705,0,follower,auto,0.06907622516155243,0.05730655416846275,-0.6622712016105652,0.7500000000000001,1.0,0.0,0.6809237748384477,0.9426934458315372,0.6622712016105652,0,0,0,0,1.0,0.0,0.0,0.0,0.0,0.0,0.0,False,,,,,,,,,
1756275781.6583412,1,leader,auto,-0.06421060115098953,0.05473029986023903,0.49963319301605225,0.7500000000000001,1.0,1.0,0.8142106011509896,0.945269700139761,0.5003668069839478,0,0,0,0,1.0,0.0,0.0,0.0,0.0,0.0,0.0,False,,,,,,,,,
1756275781.7634778,0,follower,auto,0.06907299160957336,0.057310257107019424,-0.6622846126556396,0.7500000000000001,1.0,0.0,0.6809270083904267,0.9426897428929806,0.6622846126556396,0,0,0,0,1.0,0.0,0.0,0.0,0.0,0.0,0.0,False,,,,,,,,,
1756275781.8639002,1,leader,auto,-0.0642121359705925,0.05471137538552284,0.4996352195739746,0.7500000000000001,1.0,1.0,0.8142121359705926,0.9452886246144772,0.5003647804260254,0,0,0,0,1.0,0.0,0.0,0.0,0.0,0.0,0.0,False,,,,,,,,,
1756275782.0714831,0,follower,auto,0.06907717138528824,0.057307541370391846,-0.6622772812843323,0.7500000000000001,1.0,0.0,0.6809228286147119,0.9426924586296082,0.6622772812843323,0,0,0,0,1.0,0.0,0.0,0.0,0.0,0.0,0.0,False,,,,,,,,,
1756275782.172189,1,leader,auto,-0.06420209258794785,0.054707564413547516,0.4996336102485657,0.7500000000000001,1.0,1.0,0.814202092587948,0.9452924355864525,0.5003663897514343,0,0,0,0,1.0,0.0,0.0,0.0,0.0,0.0,0.0,False,,,,,,,,,
1756275782.3679233,0,follower,auto,0.06904654949903488,0.057301461696624756,-0.6622464060783386,0.7500000000000001,1.0,0.0,0.6809534505009652,0.9426985383033752,0.6622464060783386,0,0,0,0,1.0,0.0,0.0,0.0,0.0,0.0,0.0,False,,,,,,,,,
1756275782.4684286,1,leader,auto,-0.06421347707509995,0.05473227798938751,0.4996647238731384,0.7500000000000001,1.0,1.0,0.8142134770751001,0.9452677220106125,0.5003352761268616,0,0,0,0,1.0,0.0,0.0,0.0,0.0,0.0,0.0,False,,,,,,,,,
