timestamp,drone_id,role,mode,x,y,z,target_x,target_y,target_z,error_x,error_y,error_z,rc_lr,rc_fb,rc_ud,rc_yaw,trust,obs_error_x,obs_error_y,obs_error_z,obs_state_x,obs_state_y,obs_state_z
1762585874.6392999,0,leader,manual,-0.31490081548690796,0.049992211163043976,0.07019337266683578,0,1,0,0.31490081548690796,0.950007788836956,-0.07019337266683578,0,0,0,0,1.0,0.0,0.0,0.0,0.0,0.0,0.0
1762585874.6395354,1,follower,manual,0.06250111758708954,0.05841634050011635,0.833244800567627,0.5,1,0.5,0.43749888241291046,0.9415836594998837,-0.33324480056762695,0,0,0,0,1.0,0.0,0.0,0.0,0.0,0.0,0.0
1762585874.6396828,2,follower,manual,0.014011203311383724,0.051086194813251495,-0.5994011759757996,0.5,1,-0.5,0.4859887966886163,0.9489138051867485,0.09940117597579956,0,0,0,0,1.0,0.0,0.0,0.0,0.0,0.0,0.0
1762585874.77621,0,leader,manual,-0.31480899453163147,0.04999697953462601,0.0702027902007103,0,1,0,0.31480899453163147,0.950003020465374,-0.0702027902007103,0,0,0,0,1.0,0.0,0.0,0.0,0.0,0.0,0.0
1762585874.8766348,1,follower,manual,0.06249724701046944,0.05841231718659401,0.8332555890083313,0.5,1,0.5,0.43750275298953056,0.941587682813406,-0.3332555890083313,0,0,0,0,1.0,0.0,0.0,0.0,0.0,0.0,0.0
1762585874.8769073,2,follower,manual,0.01401512511074543,0.051077816635370255,-0.5993970632553101,0.5,1,-0.5,0.48598487488925457,0.9489221833646297,0.09939706325531006,0,0,0,0,1.0,0.0,0.0,0.0,0.0,0.0,0.0
1762585875.0510788,0,leader,manual,-0.31487855315208435,0.0499725304543972,0.07019434124231339,0,1,0,0.31487855315208435,0.9500274695456028,-0.07019434124231339,0,0,0,0,1.0,0.0,0.0,0.0,0.0,0.0,0.0
1762585875.051285,1,follower,manual,0.06249695643782616,0.0584222674369812,0.8332493901252747,0.5,1,0.5,0.43750304356217384,0.9415777325630188,-0.33324939012527466,0,0,0,0,1.0,0.0,0.0,0.0,0.0,0.0,0.0
1762585875.0514228,2,follower,manual,0.014011112041771412,0.05108797922730446,-0.5994024276733398,0.5,1,-0.5,0.4859888879582286,0.9489120207726955,0.09940242767333984,0,0,0,0,1.0,0.0,0.0,0.0,0.0,0.0,0.0
1762585875.2863069,0,leader,manual,-0.3148344159126282,0.0499107725918293,0.07021362334489822,0,1,0,0.3148344159126282,0.9500892274081707,-0.07021362334489822,0,0,0,0,1.0,0.0,0.0,0.0,0.0,0.0,0.0
1762585875.2865796,1,follower,manual,0.06250052154064178,0.05841455236077309,0.8332524299621582,0.5,1,0.5,0.4374994784593582,0.9415854476392269,-0.3332524299621582,0,0,0,0,1.0,0.0,0.0,0.0,0.0,0.0,0.0
1762585875.286733,2,follower,manual,0.014015221036970615,0.051078230142593384,-0.5994005799293518,0.5,1,-0.5,0.4859847789630294,0.9489217698574066,0.0994005799293518,0,0,0,0,1.0,0.0,0.0,0.0,0.0,0.0,0.0
1762585875.6100414,0,leader,manual,-0.3148776590824127,0.049878135323524475,0.07020942866802216,0,1,0,0.3148776590824127,0.9501218646764755,-0.07020942866802216,0,0,0,0,1.0,0.0,0.0,0.0,0.0,0.0,0.0
1762585875.610321,1,follower,manual,0.06250181049108505,0.05841360241174698,0.833244800567627,0.5,1,0.5,0.43749818950891495,0.941586397588253,-0.33324480056762695,0,0,0,0,1.0,0.0,0.0,0.0,0.0,0.0,0.0
1762585875.6104789,2,follower,manual,0.01400915440171957,0.0510738231241703,-0.5994004011154175,0.5,1,-0.5,0.48599084559828043,0.9489261768758297,0.09940040111541748,0,0,0,0,1.0,0.0,0.0,0.0,0.0,0.0,0.0
1762585875.8049397,0,leader,manual,-0.3148902952671051,0.0498926043510437,0.07021058350801468,0,1,0,0.3148902952671051,0.9501073956489563,-0.07021058350801468,0,0,0,0,1.0,0.0,0.0,0.0,0.0,0.0,0.0
1762585875.8051405,1,follower,manual,0.0625028982758522,0.058424316346645355,0.8332498669624329,0.5,1,0.5,0.4374971017241478,0.9415756836533546,-0.33324986696243286,0,0,0,0,1.0,0.0,0.0,0.0,0.0,0.0,0.0
1762585875.9055376,2,follower,manual,0.014013695530593395,0.0510794036090374,-0.5993986129760742,0.5,1,-0.5,0.4859863044694066,0.9489205963909626,0.09939861297607422,0,0,0,0,1.0,0.0,0.0,0.0,0.0,0.0,0.0
1762585876.1011007,0,leader,manual,-0.3148570954799652,0.04990404099225998,0.07021471858024597,0,1,0,0.3148570954799652,0.95009595900774,-0.07021471858024597,0,0,0,0,1.0,0.0,0.0,0.0,0.0,0.0,0.0
1762585876.1013014,1,follower,manual,0.06249586492776871,0.05842114984989166,0.8332469463348389,0.5,1,0.5,0.4375041350722313,0.9415788501501083,-0.33324694633483887,0,0,0,0,1.0,0.0,0.0,0.0,0.0,0.0,0.0
1762585876.2017152,2,follower,manual,0.01402191910892725,0.05108565092086792,-0.5994027256965637,0.5,1,-0.5,0.48597808089107275,0.9489143490791321,0.09940272569656372,0,0,0,0,1.0,0.0,0.0,0.0,0.0,0.0,0.0
1762585876.3090217,0,leader,manual,-0.31488659977912903,0.0498838946223259,0.07020757347345352,0,1,0,0.31488659977912903,0.9501161053776741,-0.07020757347345352,0,0,0,0,1.0,0.0,0.0,0.0,0.0,0.0,0.0
1762585876.309243,1,follower,manual,0.06251215934753418,0.05845654755830765,0.8332186937332153,0.5,1,0.5,0.4374878406524658,0.9415434524416924,-0.33321869373321533,0,0,0,0,1.0,0.0,0.0,0.0,0.0,0.0,0.0
1762585876.4097133,2,follower,manual,0.014012015424668789,0.05108071118593216,-0.5994044542312622,0.5,1,-0.5,0.4859879845753312,0.9489192888140678,0.09940445423126221,0,0,0,0,1.0,0.0,0.0,0.0,0.0,0.0,0.0
1762585876.519155,0,leader,manual,-0.3149045705795288,0.049981970340013504,0.07019786536693573,0,1,0,0.3149045705795288,0.9500180296599865,-0.07019786536693573,0,0,0,0,1.0,0.0,0.0,0.0,0.0,0.0,0.0
1762585876.5193634,1,follower,manual,0.06250034272670746,0.05840994045138359,0.8332517147064209,0.5,1,0.5,0.43749965727329254,0.9415900595486164,-0.3332517147064209,0,0,0,0,1.0,0.0,0.0,0.0,0.0,0.0,0.0
1762585876.6197662,2,follower,manual,0.014012889005243778,0.05108320713043213,-0.5994043946266174,0.5,1,-0.5,0.4859871109947562,0.9489167928695679,0.09940439462661743,0,0,0,0,1.0,0.0,0.0,0.0,0.0,0.0,0.0
1762585876.812843,0,leader,manual,-0.3148898780345917,0.049890320748090744,0.07022739946842194,0,1,0,0.3148898780345917,0.9501096792519093,-0.07022739946842194,0,0,0,0,1.0,0.0,0.0,0.0,0.0,0.0,0.0
1762585876.8130379,1,follower,manual,0.06249947473406792,0.05841430649161339,0.8332536816596985,0.5,1,0.5,0.4375005252659321,0.9415856935083866,-0.3332536816596985,0,0,0,0,1.0,0.0,0.0,0.0,0.0,0.0,0.0
1762585876.9135852,2,follower,manual,0.014015796594321728,0.05108135566115379,-0.5993984937667847,0.5,1,-0.5,0.4859842034056783,0.9489186443388462,0.09939849376678467,0,0,0,0,1.0,0.0,0.0,0.0,0.0,0.0,0.0
1762585877.066297,0,leader,manual,-0.31490105390548706,0.049872469156980515,0.07021920382976532,0,1,0,0.31490105390548706,0.9501275308430195,-0.07021920382976532,0,0,0,0,1.0,0.0,0.0,0.0,0.0,0.0,0.0
1762585877.066842,1,follower,manual,0.06250270456075668,0.058422524482011795,0.8332520723342896,0.5,1,0.5,0.4374972954392433,0.9415774755179882,-0.33325207233428955,0,0,0,0,1.0,0.0,0.0,0.0,0.0,0.0,0.0
1762585877.167351,2,follower,manual,0.014017249457538128,0.051093969494104385,-0.5993996262550354,0.5,1,-0.5,0.48598275054246187,0.9489060305058956,0.0993996262550354,0,0,0,0,1.0,0.0,0.0,0.0,0.0,0.0,0.0
1762585877.2744987,0,leader,manual,-0.31486859917640686,0.04989362508058548,0.07021154463291168,0,1,0,0.31486859917640686,0.9501063749194145,-0.07021154463291168,0,0,0,0,1.0,0.0,0.0,0.0,0.0,0.0,0.0
1762585877.2746928,1,follower,manual,0.06256221979856491,0.05803230404853821,0.8329654335975647,0.5,1,0.5,0.4374377802014351,0.9419676959514618,-0.3329654335975647,0,0,0,0,1.0,0.0,0.0,0.0,0.0,0.0,0.0
1762585877.375115,2,follower,manual,0.01401729229837656,0.051089152693748474,-0.5993971824645996,0.5,1,-0.5,0.48598270770162344,0.9489108473062515,0.09939718246459961,0,0,0,0,1.0,0.0,0.0,0.0,0.0,0.0,0.0
1762585877.5386574,0,leader,manual,-0.31831541657447815,0.049580030143260956,0.07069259881973267,0,1,0,0.31831541657447815,0.950419969856739,-0.07069259881973267,0,0,0,0,1.0,0.0,0.0,0.0,0.0,0.0,0.0
1762585877.5388372,1,follower,manual,0.06250092387199402,0.058419566601514816,0.8332486748695374,0.5,1,0.5,0.437499076128006,0.9415804333984852,-0.33324867486953735,0,0,0,0,1.0,0.0,0.0,0.0,0.0,0.0,0.0
1762585877.6392498,2,follower,manual,0.014014620333909988,0.05107797309756279,-0.5994042158126831,0.5,1,-0.5,0.48598537966609,0.9489220269024372,0.0994042158126831,0,0,0,0,1.0,0.0,0.0,0.0,0.0,0.0,0.0
1762585877.797265,0,leader,manual,-0.3148728311061859,0.050002388656139374,0.07021798938512802,0,1,0,0.3148728311061859,0.9499976113438606,-0.07021798938512802,0,0,0,0,1.0,0.0,0.0,0.0,0.0,0.0,0.0
1762585877.7975664,1,follower,manual,0.06249930337071419,0.05842282995581627,0.8332576751708984,0.5,1,0.5,0.4375006966292858,0.9415771700441837,-0.33325767517089844,0,0,0,0,1.0,0.0,0.0,0.0,0.0,0.0,0.0
1762585877.897999,2,follower,manual,0.01351972110569477,0.05141051113605499,-0.5998092889785767,0.5,1,-0.5,0.48648027889430523,0.948589488863945,0.09980928897857666,0,0,0,0,1.0,0.0,0.0,0.0,0.0,0.0,0.0
1762585878.089992,0,leader,manual,-0.3148808479309082,0.04986527934670448,0.0702236220240593,0,1,0,0.3148808479309082,0.9501347206532955,-0.0702236220240593,0,0,0,0,1.0,0.0,0.0,0.0,0.0,0.0,0.0
1762585878.0902119,1,follower,manual,0.06250543147325516,0.05849427357316017,0.8332405686378479,0.5,1,0.5,0.43749456852674484,0.9415057264268398,-0.3332405686378479,0,0,0,0,1.0,0.0,0.0,0.0,0.0,0.0,0.0
1762585878.1906285,2,follower,manual,0.01401382777839899,0.05108679085969925,-0.5993979573249817,0.5,1,-0.5,0.485986172221601,0.9489132091403008,0.09939795732498169,0,0,0,0,1.0,0.0,0.0,0.0,0.0,0.0,0.0
1762585878.315581,0,leader,manual,-0.31489819288253784,0.04987417533993721,0.07021462172269821,0,1,0,0.31489819288253784,0.9501258246600628,-0.07021462172269821,0,0,0,0,1.0,0.0,0.0,0.0,0.0,0.0,0.0
1762585878.315791,1,follower,manual,0.06250593811273575,0.05842338129878044,0.8332574963569641,0.5,1,0.5,0.43749406188726425,0.9415766187012196,-0.3332574963569641,0,0,0,0,1.0,0.0,0.0,0.0,0.0,0.0,0.0
1762585878.416539,2,follower,manual,0.014413301832973957,0.051555197685956955,-0.599046528339386,0.5,1,-0.5,0.48558669816702604,0.948444802314043,0.09904652833938599,0,0,0,0,1.0,0.0,0.0,0.0,0.0,0.0,0.0
1762585878.6005635,0,leader,manual,-0.3177354633808136,0.050084929913282394,0.07200193405151367,0,1,0,0.3177354633808136,0.9499150700867176,-0.07200193405151367,0,0,0,0,1.0,0.0,0.0,0.0,0.0,0.0,0.0
1762585878.6007428,1,follower,manual,0.06227092444896698,0.05938540771603584,0.8338470458984375,0.5,1,0.5,0.437729075551033,0.9406145922839642,-0.3338470458984375,0,0,0,0,1.0,0.0,0.0,0.0,0.0,0.0,0.0
1762585878.7012558,2,follower,manual,0.014012574218213558,0.05108198896050453,-0.5994035601615906,0.5,1,-0.5,0.48598742578178644,0.9489180110394955,0.09940356016159058,0,0,0,0,1.0,0.0,0.0,0.0,0.0,0.0,0.0
1762585878.903894,0,leader,manual,-0.3148925006389618,0.04986080154776573,0.07018908858299255,0,1,0,0.3148925006389618,0.9501391984522343,-0.07018908858299255,0,0,0,0,1.0,0.0,0.0,0.0,0.0,0.0,0.0
1762585878.9044037,1,follower,manual,0.06250167638063431,0.058438658714294434,0.8332503437995911,0.5,1,0.5,0.4374983236193657,0.9415613412857056,-0.33325034379959106,0,0,0,0,1.0,0.0,0.0,0.0,0.0,0.0,0.0
1762585879.004977,2,follower,manual,0.014011685736477375,0.05109474062919617,-0.5994020104408264,0.5,1,-0.5,0.4859883142635226,0.9489052593708038,0.09940201044082642,0,0,0,0,1.0,0.0,0.0,0.0,0.0,0.0,0.0
1762585879.1117408,0,leader,manual,-0.31487324833869934,0.04987328499555588,0.07023753970861435,0,1,0,0.31487324833869934,0.9501267150044441,-0.07023753970861435,0,0,0,0,1.0,0.0,0.0,0.0,0.0,0.0,0.0
1762585879.1119316,1,follower,manual,0.06251471489667892,0.058507125824689865,0.8332476019859314,0.5,1,0.5,0.4374852851033211,0.9414928741753101,-0.3332476019859314,0,0,0,0,1.0,0.0,0.0,0.0,0.0,0.0,0.0
1762585879.212442,2,follower,manual,0.014027957804501057,0.05112201347947121,-0.5993781685829163,0.5,1,-0.5,0.48597204219549894,0.9488779865205288,0.09937816858291626,0,0,0,0,1.0,0.0,0.0,0.0,0.0,0.0,0.0
1762585879.4244618,0,leader,manual,-0.314866840839386,0.04994714632630348,0.07028751075267792,0,1,0,0.314866840839386,0.9500528536736965,-0.07028751075267792,0,0,0,0,1.0,0.0,0.0,0.0,0.0,0.0,0.0
1762585879.4246922,1,follower,manual,0.06249918043613434,0.05846070870757103,0.8332811594009399,0.5,1,0.5,0.43750081956386566,0.941539291292429,-0.33328115940093994,0,0,0,0,1.0,0.0,0.0,0.0,0.0,0.0,0.0
1762585879.5251293,2,follower,manual,0.014027001336216927,0.05113646760582924,-0.5993616580963135,0.5,1,-0.5,0.4859729986637831,0.9488635323941708,0.09936165809631348,0,0,0,0,1.0,0.0,0.0,0.0,0.0,0.0,0.0
1762585879.6339216,0,leader,manual,-0.31487149000167847,0.05003303289413452,0.07024626433849335,0,1,0,0.31487149000167847,0.9499669671058655,-0.07024626433849335,0,0,0,0,1.0,0.0,0.0,0.0,0.0,0.0,0.0
1762585879.6341448,1,follower,manual,0.06249513849616051,0.05843671038746834,0.8332706689834595,0.5,1,0.5,0.4375048615038395,0.9415632896125317,-0.3332706689834595,0,0,0,0,1.0,0.0,0.0,0.0,0.0,0.0,0.0
1762585879.7345817,2,follower,manual,0.014018179848790169,0.05112382024526596,-0.5993708372116089,0.5,1,-0.5,0.48598182015120983,0.948876179754734,0.09937083721160889,0,0,0,0,1.0,0.0,0.0,0.0,0.0,0.0,0.0
1762585880.0315635,0,leader,manual,-0.31487932801246643,0.049876607954502106,0.07023031264543533,0,1,0,0.31487932801246643,0.9501233920454979,-0.07023031264543533,0,0,0,0,1.0,0.0,0.0,0.0,0.0,0.0,0.0
1762585880.0318737,1,follower,manual,0.06250306218862534,0.058417513966560364,0.8332622051239014,0.5,1,0.5,0.43749693781137466,0.9415824860334396,-0.33326220512390137,0,0,0,0,1.0,0.0,0.0,0.0,0.0,0.0,0.0
1762585880.1324973,2,follower,manual,0.014020339585840702,0.05108945816755295,-0.5993943214416504,0.5,1,-0.5,0.4859796604141593,0.948910541832447,0.09939432144165039,0,0,0,0,1.0,0.0,0.0,0.0,0.0,0.0,0.0
1762585880.2992322,0,leader,manual,-0.3148934245109558,0.049895916134119034,0.070210762321949,0,1,0,0.3148934245109558,0.950104083865881,-0.070210762321949,0,0,0,0,1.0,0.0,0.0,0.0,0.0,0.0,0.0
1762585880.2994356,1,follower,manual,0.06252604722976685,0.05840391665697098,0.8332366943359375,0.5,1,0.5,0.43747395277023315,0.941596083343029,-0.3332366943359375,0,0,0,0,1.0,0.0,0.0,0.0,0.0,0.0,0.0
1762585880.3997164,2,follower,manual,0.014021039940416813,0.051091764122247696,-0.5994017124176025,0.5,1,-0.5,0.4859789600595832,0.9489082358777523,0.09940171241760254,0,0,0,0,1.0,0.0,0.0,0.0,0.0,0.0,0.0
1762585880.5982337,0,leader,manual,-0.3149365484714508,0.04981555789709091,0.07023100554943085,0,1,0,0.3149365484714508,0.9501844421029091,-0.07023100554943085,0,0,0,0,1.0,0.0,0.0,0.0,0.0,0.0,0.0
1762585880.598436,1,follower,manual,0.0624806173145771,0.05841166153550148,0.8332582712173462,0.5,1,0.5,0.4375193826854229,0.9415883384644985,-0.3332582712173462,0,0,0,0,1.0,0.0,0.0,0.0,0.0,0.0,0.0
1762585880.698853,2,follower,manual,0.013986448757350445,0.0510622076690197,-0.5994033813476562,0.5,1,-0.5,0.48601355124264956,0.9489377923309803,0.09940338134765625,0,0,0,0,1.0,0.0,0.0,0.0,0.0,0.0,0.0
1762585880.802998,0,leader,manual,-0.31490227580070496,0.04979931190609932,0.07014887779951096,0,1,0,0.31490227580070496,0.9502006880939007,-0.07014887779951096,0,0,0,0,1.0,0.0,0.0,0.0,0.0,0.0,0.0
1762585880.8032234,1,follower,manual,0.06248193234205246,0.0584183931350708,0.8332329392433167,0.5,1,0.5,0.43751806765794754,0.9415816068649292,-0.33323293924331665,0,0,0,0,1.0,0.0,0.0,0.0,0.0,0.0,0.0
1762585880.903681,2,follower,manual,0.014003163203597069,0.05106767266988754,-0.5994415879249573,0.5,1,-0.5,0.48599683679640293,0.9489323273301125,0.09944158792495728,0,0,0,0,1.0,0.0,0.0,0.0,0.0,0.0,0.0
1762585881.0984511,0,leader,manual,-0.31489646434783936,0.04997917264699936,0.07015784829854965,0,1,0,0.31489646434783936,0.9500208273530006,-0.07015784829854965,0,0,0,0,1.0,0.0,0.0,0.0,0.0,0.0,0.0
1762585881.0986674,1,follower,manual,0.0625046044588089,0.058479685336351395,0.833214521408081,0.5,1,0.5,0.4374953955411911,0.9415203146636486,-0.33321452140808105,0,0,0,0,1.0,0.0,0.0,0.0,0.0,0.0,0.0
1762585881.1990757,2,follower,manual,0.01402596477419138,0.05108940973877907,-0.5994277596473694,0.5,1,-0.5,0.4859740352258086,0.9489105902612209,0.09942775964736938,0,0,0,0,1.0,0.0,0.0,0.0,0.0,0.0,0.0
1762585881.317455,0,leader,manual,-0.31488487124443054,0.0499691478908062,0.07030176371335983,0,1,0,0.31488487124443054,0.9500308521091938,-0.07030176371335983,0,0,0,0,1.0,0.0,0.0,0.0,0.0,0.0,0.0
1762585881.3175814,1,follower,manual,0.06250818818807602,0.058456990867853165,0.8332895636558533,0.5,1,0.5,0.437491811811924,0.9415430091321468,-0.33328956365585327,0,0,0,0,1.0,0.0,0.0,0.0,0.0,0.0,0.0
1762585881.4179358,2,follower,manual,0.014020511880517006,0.05114274099469185,-0.5993453860282898,0.5,1,-0.5,0.485979488119483,0.9488572590053082,0.0993453860282898,0,0,0,0,1.0,0.0,0.0,0.0,0.0,0.0,0.0
1762585881.6191502,0,leader,manual,-0.31488993763923645,0.0498703233897686,0.07025212794542313,0,1,0,0.31488993763923645,0.9501296766102314,-0.07025212794542313,0,0,0,0,1.0,0.0,0.0,0.0,0.0,0.0,0.0
1762585881.6193476,1,follower,manual,0.06250077486038208,0.05842739716172218,0.8332692980766296,0.5,1,0.5,0.4374992251396179,0.9415726028382778,-0.33326929807662964,0,0,0,0,1.0,0.0,0.0,0.0,0.0,0.0,0.0
1762585881.719716,2,follower,manual,0.01401508692651987,0.0510808527469635,-0.5993836522102356,0.5,1,-0.5,0.48598491307348013,0.9489191472530365,0.0993836522102356,0,0,0,0,1.0,0.0,0.0,0.0,0.0,0.0,0.0
1762585881.8271582,0,leader,manual,-0.31496158242225647,0.04993988946080208,0.07016733288764954,0,1,0,0.31496158242225647,0.9500601105391979,-0.07016733288764954,0,0,0,0,1.0,0.0,0.0,0.0,0.0,0.0,0.0
1762585881.8273637,1,follower,manual,0.062471091747283936,0.058426838368177414,0.833238422870636,0.5,1,0.5,0.43752890825271606,0.9415731616318226,-0.333238422870636,0,0,0,0,1.0,0.0,0.0,0.0,0.0,0.0,0.0
1762585881.9278073,2,follower,manual,0.013973735272884369,0.0510479174554348,-0.5994219183921814,0.5,1,-0.5,0.48602626472711563,0.9489520825445652,0.0994219183921814,0,0,0,0,1.0,0.0,0.0,0.0,0.0,0.0,0.0
1762585882.1308944,0,leader,manual,-0.31491145491600037,0.04997056722640991,0.07019544392824173,0,1,0,0.31491145491600037,0.9500294327735901,-0.07019544392824173,0,0,0,0,1.0,0.0,0.0,0.0,0.0,0.0,0.0
1762585882.1311212,1,follower,manual,0.0624699592590332,0.05841941013932228,0.8332411646842957,0.5,1,0.5,0.4375300407409668,0.9415805898606777,-0.33324116468429565,0,0,0,0,1.0,0.0,0.0,0.0,0.0,0.0,0.0
1762585882.2316265,2,follower,manual,0.013970781117677689,0.0510745644569397,-0.5994065999984741,0.5,1,-0.5,0.4860292188823223,0.9489254355430603,0.09940659999847412,0,0,0,0,1.0,0.0,0.0,0.0,0.0,0.0,0.0
1762585882.537435,0,leader,manual,-0.3149160146713257,0.04994380101561546,0.07014523446559906,0,1,0,0.3149160146713257,0.9500561989843845,-0.07014523446559906,0,0,0,0,1.0,0.0,0.0,0.0,0.0,0.0,0.0
1762585882.5375302,1,follower,manual,0.062474414706230164,0.05843892693519592,0.833246648311615,0.5,1,0.5,0.43752558529376984,0.9415610730648041,-0.333246648311615,0,0,0,0,1.0,0.0,0.0,0.0,0.0,0.0,0.0
1762585887.3510425,2,follower,manual,0.013995576649904251,0.051063500344753265,-0.5994305610656738,0.5,1,-0.5,0.48600442335009575,0.9489364996552467,0.09943056106567383,0,0,0,0,1.0,0.0,0.0,0.0,0.0,0.0,0.0
1762585887.3521717,0,follower,manual,-0.3032093644142151,0.8559311628341675,0.11714891344308853,0,1,0,0.3032093644142151,0.14406883716583252,-0.11714891344308853,0,0,0,0,,,,,,,
1762585887.352904,1,follower,manual,0.26924774050712585,0.8465840220451355,0.9402256011962891,0.5,1,0.5,0.23075225949287415,0.1534159779548645,-0.44022560119628906,0,0,0,0,,,,,,,
1762585887.453483,2,follower,manual,-0.07272309809923172,0.8384429216384888,-0.6424557566642761,0.5,1,-0.5,0.5727230980992317,0.16155707836151123,0.14245575666427612,0,0,0,0,,,,,,,
1762585887.8295577,0,leader,manual,-0.3032093644142151,0.8559311628341675,0.11714891344308853,0,1,0,0.3032093644142151,0.14406883716583252,-0.11714891344308853,0,0,0,0,1.0,0.0,0.0,0.0,0.0,0.0,0.0
1762585887.8298035,1,follower,manual,0.26924774050712585,0.8465840220451355,0.9402256011962891,0.5,1,0.5,0.23075225949287415,0.1534159779548645,-0.44022560119628906,0,0,0,0,1.0,0.0,0.0,0.0,0.0,0.0,0.0
1762585887.930238,2,follower,manual,-0.07272309809923172,0.8384429216384888,-0.6424557566642761,0.5,1,-0.5,0.5727230980992317,0.16155707836151123,0.14245575666427612,0,0,0,0,1.0,0.0,0.0,0.0,0.0,0.0,0.0
1762585887.9309676,0,follower,manual,-0.28992560505867004,0.8572427034378052,0.11274404078722,0,1,0,0.28992560505867004,0.14275729656219482,-0.11274404078722,0,0,0,0,,,,,,,
1762585887.931136,1,follower,manual,0.26424139738082886,0.8512129187583923,0.9250311851501465,0.5,1,0.5,0.23575860261917114,0.14878708124160767,-0.4250311851501465,0,0,0,0,,,,,,,
1762585888.0315125,2,follower,manual,-0.06848654896020889,0.8366578817367554,-0.6222192645072937,0.5,1,-0.5,0.5684865489602089,0.16334211826324463,0.1222192645072937,0,0,0,0,,,,,,,
1762585888.1392102,0,leader,manual,-0.28992560505867004,0.8572427034378052,0.11274404078722,0,1,0,0.28992560505867004,0.14275729656219482,-0.11274404078722,0,0,0,0,1.0,0.0,0.0,0.0,0.0,0.0,0.0
1762585888.1394737,1,follower,manual,0.26424139738082886,0.8512129187583923,0.9250311851501465,0.5,1,0.5,0.23575860261917114,0.14878708124160767,-0.4250311851501465,0,0,0,0,1.0,0.0,0.0,0.0,0.0,0.0,0.0
1762585888.2397828,2,follower,manual,-0.06848654896020889,0.8366578817367554,-0.6222192645072937,0.5,1,-0.5,0.5684865489602089,0.16334211826324463,0.1222192645072937,0,0,0,0,1.0,0.0,0.0,0.0,0.0,0.0,0.0
1762585888.240066,0,follower,manual,-0.28864073753356934,0.8715622425079346,0.11059051752090454,0,1,0,0.28864073753356934,0.12843775749206543,-0.11059051752090454,0,0,0,0,,,,,,,
1762585888.240124,1,follower,manual,0.2643875479698181,0.8570120334625244,0.918091356754303,0.5,1,0.5,0.23561245203018188,0.14298796653747559,-0.418091356754303,0,0,0,0,,,,,,,
1762585888.3404632,2,follower,manual,-0.06966497749090195,0.8367749452590942,-0.6114844083786011,0.5,1,-0.5,0.569664977490902,0.16322505474090576,0.11148440837860107,0,0,0,0,,,,,,,
1762585888.447645,0,leader,manual,-0.28864073753356934,0.8715622425079346,0.11059051752090454,0,1,0,0.28864073753356934,0.12843775749206543,-0.11059051752090454,0,0,0,0,1.0,0.0,0.0,0.0,0.0,0.0,0.0
1762585888.4479077,1,follower,manual,0.2643875479698181,0.8570120334625244,0.918091356754303,0.5,1,0.5,0.23561245203018188,0.14298796653747559,-0.418091356754303,0,0,0,0,1.0,0.0,0.0,0.0,0.0,0.0,0.0
1762585888.5485237,2,follower,manual,-0.06966497749090195,0.8367749452590942,-0.6114844083786011,0.5,1,-0.5,0.569664977490902,0.16322505474090576,0.11148440837860107,0,0,0,0,1.0,0.0,0.0,0.0,0.0,0.0,0.0
1762585888.5498822,0,follower,manual,-0.2897951304912567,0.8857584595680237,0.11082162708044052,0,1,0,0.2897951304912567,0.11424154043197632,-0.11082162708044052,0,0,0,0,,,,,,,
1762585888.550135,1,follower,manual,0.2661275863647461,0.8622003197669983,0.9113656282424927,0.5,1,0.5,0.2338724136352539,0.1377996802330017,-0.4113656282424927,0,0,0,0,,,,,,,
1762585888.6505792,2,follower,manual,-0.07063274830579758,0.8397196531295776,-0.6078242659568787,0.5,1,-0.5,0.5706327483057976,0.16028034687042236,0.10782426595687866,0,0,0,0,,,,,,,
1762585888.823172,0,leader,manual,-0.2897951304912567,0.8857584595680237,0.11082162708044052,0,1,0,0.2897951304912567,0.11424154043197632,-0.11082162708044052,0,0,0,0,1.0,0.0,0.0,0.0,0.0,0.0,0.0
1762585888.823384,1,follower,manual,0.2661275863647461,0.8622003197669983,0.9113656282424927,0.5,1,0.5,0.2338724136352539,0.1377996802330017,-0.4113656282424927,0,0,0,0,1.0,0.0,0.0,0.0,0.0,0.0,0.0
1762585888.923811,2,follower,manual,-0.07063274830579758,0.8397196531295776,-0.6078242659568787,0.5,1,-0.5,0.5706327483057976,0.16028034687042236,0.10782426595687866,0,0,0,0,1.0,0.0,0.0,0.0,0.0,0.0,0.0
1762585888.925164,0,follower,manual,-0.29640933871269226,0.8978567123413086,0.11154833436012268,0,1,0,0.29640933871269226,0.1021432876586914,-0.11154833436012268,0,0,0,0,,,,,,,
1762585888.9253533,1,follower,manual,0.26571568846702576,0.8664409518241882,0.9027660489082336,0.5,1,0.5,0.23428431153297424,0.13355904817581177,-0.40276604890823364,0,0,0,0,,,,,,,
1762585889.0257506,2,follower,manual,-0.06812892854213715,0.8507886528968811,-0.6101498007774353,0.5,1,-0.5,0.5681289285421371,0.1492113471031189,0.1101498007774353,0,0,0,0,,,,,,,
1762585889.2137759,0,leader,manual,-0.29640933871269226,0.8978567123413086,0.11154833436012268,0,1,0,0.29640933871269226,0.1021432876586914,-0.11154833436012268,0,0,0,0,1.0,0.0,0.0,0.0,0.0,0.0,0.0
1762585889.2139897,1,follower,manual,0.26571568846702576,0.8664409518241882,0.9027660489082336,0.5,1,0.5,0.23428431153297424,0.13355904817581177,-0.40276604890823364,0,0,0,0,1.0,0.0,0.0,0.0,0.0,0.0,0.0
1762585889.3143015,2,follower,manual,-0.06812892854213715,0.8507886528968811,-0.6101498007774353,0.5,1,-0.5,0.5681289285421371,0.1492113471031189,0.1101498007774353,0,0,0,0,1.0,0.0,0.0,0.0,0.0,0.0,0.0
1762585889.3145385,0,follower,manual,-0.30612415075302124,0.9070754647254944,0.11608322709798813,0,1,0,0.30612415075302124,0.09292453527450562,-0.11608322709798813,0,0,0,0,,,,,,,
1762585889.3145835,1,follower,manual,0.2619814872741699,0.8718963265419006,0.8920060992240906,0.5,1,0.5,0.23801851272583008,0.12810367345809937,-0.3920060992240906,0,0,0,0,,,,,,,
1762585889.4147735,2,follower,manual,-0.06350545585155487,0.8613726496696472,-0.6156797409057617,0.5,1,-0.5,0.5635054558515549,0.13862735033035278,0.11567974090576172,0,0,0,0,,,,,,,
1762585889.5637465,0,leader,manual,-0.30612415075302124,0.9070754647254944,0.11608322709798813,0,1,0,0.30612415075302124,0.09292453527450562,-0.11608322709798813,0,0,0,0,1.0,0.0,0.0,0.0,0.0,0.0,0.0
1762585889.5639799,1,follower,manual,0.2619814872741699,0.8718963265419006,0.8920060992240906,0.5,1,0.5,0.23801851272583008,0.12810367345809937,-0.3920060992240906,0,0,0,0,1.0,0.0,0.0,0.0,0.0,0.0,0.0
1762585889.6644287,2,follower,manual,-0.06350545585155487,0.8613726496696472,-0.6156797409057617,0.5,1,-0.5,0.5635054558515549,0.13862735033035278,0.11567974090576172,0,0,0,0,1.0,0.0,0.0,0.0,0.0,0.0,0.0
1762585889.6652048,0,follower,manual,-0.3148542046546936,0.9056888818740845,0.12248143553733826,0,1,0,0.3148542046546936,0.09431111812591553,-0.12248143553733826,0,0,20,0,,,,,,,
1762585889.6654403,1,follower,manual,0.2597232162952423,0.8763183355331421,0.8790328502655029,0.5,1,0.5,0.2402767837047577,0.12368166446685791,-0.37903285026550293,0,0,20,0,,,,,,,
1762585889.7663481,2,follower,manual,-0.05920159071683884,0.8636576533317566,-0.620037317276001,0.5,1,-0.5,0.5592015907168388,0.1363423466682434,0.12003731727600098,0,0,20,0,,,,,,,
1762585889.9250002,0,leader,manual,-0.3148542046546936,0.9056888818740845,0.12248143553733826,0,1,0,0.3148542046546936,0.09431111812591553,-0.12248143553733826,0,0,20,0,1.0,0.0,0.0,0.0,0.0,0.0,0.0
1762585889.9252193,1,follower,manual,0.2597232162952423,0.8763183355331421,0.8790328502655029,0.5,1,0.5,0.2402767837047577,0.12368166446685791,-0.37903285026550293,0,0,20,0,1.0,0.0,0.0,0.0,0.0,0.0,0.0
1762585890.0256424,2,follower,manual,-0.05920159071683884,0.8636576533317566,-0.620037317276001,0.5,1,-0.5,0.5592015907168388,0.1363423466682434,0.12003731727600098,0,0,20,0,1.0,0.0,0.0,0.0,0.0,0.0,0.0
1762585890.0264165,0,follower,manual,-0.3218211829662323,0.9116532802581787,0.13223302364349365,0,1,0,0.3218211829662323,0.08834671974182129,-0.13223302364349365,0,0,20,0,,,,,,,
1762585890.0265841,1,follower,manual,0.2571289837360382,0.8865281939506531,0.8658364415168762,0.5,1,0.5,0.2428710162639618,0.11347180604934692,-0.3658364415168762,0,0,20,0,,,,,,,
1762585890.1269517,2,follower,manual,-0.058371491730213165,0.8726710081100464,-0.618325412273407,0.5,1,-0.5,0.5583714917302132,0.1273289918899536,0.11832541227340698,0,0,20,0,,,,,,,
1762585890.2318583,0,leader,manual,-0.3218211829662323,0.9116532802581787,0.13223302364349365,0,1,0,0.3218211829662323,0.08834671974182129,-0.13223302364349365,0,0,20,0,1.0,0.0,0.0,0.0,0.0,0.0,0.0
1762585890.2320914,1,follower,manual,0.2571289837360382,0.8865281939506531,0.8658364415168762,0.5,1,0.5,0.2428710162639618,0.11347180604934692,-0.3658364415168762,0,0,20,0,1.0,0.0,0.0,0.0,0.0,0.0,0.0
1762585890.332544,2,follower,manual,-0.058371491730213165,0.8726710081100464,-0.618325412273407,0.5,1,-0.5,0.5583714917302132,0.1273289918899536,0.11832541227340698,0,0,20,0,1.0,0.0,0.0,0.0,0.0,0.0,0.0
1762585890.3333306,0,follower,manual,-0.32302093505859375,0.9378468990325928,0.13544492423534393,0,1,0,0.32302093505859375,0.06215310096740723,-0.13544492423534393,0,0,20,0,,,,,,,
1762585890.3335063,1,follower,manual,0.25657352805137634,0.9110932350158691,0.8550119996070862,0.5,1,0.5,0.24342647194862366,0.08890676498413086,-0.3550119996070862,0,0,20,0,,,,,,,
1762585890.4338977,2,follower,manual,-0.05603567510843277,0.9000362753868103,-0.6159341931343079,0.5,1,-0.5,0.5560356751084328,0.0999637246131897,0.11593419313430786,0,0,20,0,,,,,,,
1762585890.643925,0,leader,manual,-0.32302093505859375,0.9378468990325928,0.13544492423534393,0,1,0,0.32302093505859375,0.06215310096740723,-0.13544492423534393,0,0,20,0,1.0,0.0,0.0,0.0,0.0,0.0,0.0
1762585890.6441696,1,follower,manual,0.25657352805137634,0.9110932350158691,0.8550119996070862,0.5,1,0.5,0.24342647194862366,0.08890676498413086,-0.3550119996070862,0,0,20,0,1.0,0.0,0.0,0.0,0.0,0.0,0.0
1762585890.7446246,2,follower,manual,-0.05603567510843277,0.9000362753868103,-0.6159341931343079,0.5,1,-0.5,0.5560356751084328,0.0999637246131897,0.11593419313430786,0,0,20,0,1.0,0.0,0.0,0.0,0.0,0.0,0.0
1762585890.745404,0,follower,manual,-0.31742075085639954,0.9916284680366516,0.13032381236553192,0,1,0,0.31742075085639954,0.008371531963348389,-0.13032381236553192,0,0,20,0,,,,,,,
1762585890.7456083,1,follower,manual,0.25574058294296265,0.9572529196739197,0.8378592729568481,0.5,1,0.5,0.24425941705703735,0.04274708032608032,-0.33785927295684814,0,0,20,0,,,,,,,
1762585890.8460014,2,follower,manual,-0.051688846200704575,0.9490160942077637,-0.6128729581832886,0.5,1,-0.5,0.5516888462007046,0.05098390579223633,0.11287295818328857,0,0,20,0,,,,,,,
1762585891.0503626,0,leader,manual,-0.31742075085639954,0.9916284680366516,0.13032381236553192,0,1,0,0.31742075085639954,0.008371531963348389,-0.13032381236553192,0,0,20,0,1.0,0.0,0.0,0.0,0.0,0.0,0.0
1762585891.0509005,1,follower,manual,0.25574058294296265,0.9572529196739197,0.8378592729568481,0.5,1,0.5,0.24425941705703735,0.04274708032608032,-0.33785927295684814,0,0,20,0,1.0,0.0,0.0,0.0,0.0,0.0,0.0
1762585891.1514835,2,follower,manual,-0.051688846200704575,0.9490160942077637,-0.6128729581832886,0.5,1,-0.5,0.5516888462007046,0.05098390579223633,0.11287295818328857,0,0,20,0,1.0,0.0,0.0,0.0,0.0,0.0,0.0
1762585891.152245,0,follower,manual,-0.3171938359737396,1.053066372871399,0.12442618608474731,0,1,0,0.3171938359737396,-0.053066372871398926,-0.12442618608474731,0,0,20,0,,,,,,,
1762585891.1524057,1,follower,manual,0.2523361146450043,1.008189082145691,0.8204125165939331,0.5,1,0.5,0.24766388535499573,-0.008189082145690918,-0.3204125165939331,0,0,20,0,,,,,,,
1762585891.2528815,2,follower,manual,-0.05081910640001297,0.9915597438812256,-0.6110627055168152,0.5,1,-0.5,0.550819106400013,0.008440256118774414,0.11106270551681519,0,0,20,0,,,,,,,
1762585891.4575148,0,leader,manual,-0.3171938359737396,1.053066372871399,0.12442618608474731,0,1,0,0.3171938359737396,-0.053066372871398926,-0.12442618608474731,0,0,20,0,1.0,0.0,0.0,0.0,0.0,0.0,0.0
1762585891.457701,1,follower,manual,0.2523361146450043,1.008189082145691,0.8204125165939331,0.5,1,0.5,0.24766388535499573,-0.008189082145690918,-0.3204125165939331,0,0,20,0,1.0,0.0,0.0,0.0,0.0,0.0,0.0
1762585891.5582178,2,follower,manual,-0.05081910640001297,0.9915597438812256,-0.6110627055168152,0.5,1,-0.5,0.550819106400013,0.008440256118774414,0.11106270551681519,0,0,20,0,1.0,0.0,0.0,0.0,0.0,0.0,0.0
1762585891.5588703,0,follower,manual,-0.3221450448036194,1.1139062643051147,0.11544311046600342,0,1,0,0.3221450448036194,-0.11390626430511475,-0.11544311046600342,0,0,0,0,,,,,,,
1762585891.5590317,1,follower,manual,0.24709610641002655,1.0626001358032227,0.8029720783233643,0.5,1,0.5,0.25290389358997345,-0.06260013580322266,-0.30297207832336426,0,0,0,0,,,,,,,
1762585891.659344,2,follower,manual,-0.05143505334854126,1.0343471765518188,-0.6144567728042603,0.5,1,-0.5,0.5514350533485413,-0.03434717655181885,0.11445677280426025,0,0,0,0,,,,,,,
1762585891.7621686,0,leader,manual,-0.3221450448036194,1.1139062643051147,0.11544311046600342,0,1,0,0.3221450448036194,-0.11390626430511475,-0.11544311046600342,0,0,0,0,1.0,0.0,0.0,0.0,0.0,0.0,0.0
1762585891.7623687,1,follower,manual,0.24709610641002655,1.0626001358032227,0.8029720783233643,0.5,1,0.5,0.25290389358997345,-0.06260013580322266,-0.30297207832336426,0,0,0,0,1.0,0.0,0.0,0.0,0.0,0.0,0.0
1762585891.8627841,2,follower,manual,-0.05143505334854126,1.0343471765518188,-0.6144567728042603,0.5,1,-0.5,0.5514350533485413,-0.03434717655181885,0.11445677280426025,0,0,0,0,1.0,0.0,0.0,0.0,0.0,0.0,0.0
1762585891.8635237,0,follower,manual,-0.3247957229614258,1.1517548561096191,0.1146206483244896,0,1,0,0.3247957229614258,-0.15175485610961914,-0.1146206483244896,0,0,0,0,,,,,,,
1762585891.8637025,1,follower,manual,0.2421945333480835,1.0967121124267578,0.7905671000480652,0.5,1,0.5,0.2578054666519165,-0.09671211242675781,-0.2905671000480652,0,0,0,0,,,,,,,
1762585891.9640684,2,follower,manual,-0.04966718703508377,1.0605274438858032,-0.6165246963500977,0.5,1,-0.5,0.5496671870350838,-0.06052744388580322,0.11652469635009766,0,0,0,0,,,,,,,
1762585892.0674095,0,leader,manual,-0.3247957229614258,1.1517548561096191,0.1146206483244896,0,1,0,0.3247957229614258,-0.15175485610961914,-0.1146206483244896,0,0,0,0,1.0,0.0,0.0,0.0,0.0,0.0,0.0
1762585892.0675902,1,follower,manual,0.2421945333480835,1.0967121124267578,0.7905671000480652,0.5,1,0.5,0.2578054666519165,-0.09671211242675781,-0.2905671000480652,0,0,0,0,1.0,0.0,0.0,0.0,0.0,0.0,0.0
1762585892.1679752,2,follower,manual,-0.04966718703508377,1.0605274438858032,-0.6165246963500977,0.5,1,-0.5,0.5496671870350838,-0.06052744388580322,0.11652469635009766,0,0,0,0,1.0,0.0,0.0,0.0,0.0,0.0,0.0
1762585892.1686168,0,follower,manual,-0.32597386837005615,1.1830852031707764,0.11980903148651123,0,1,0,0.32597386837005615,-0.18308520317077637,-0.11980903148651123,0,0,0,0,,,,,,,
1762585892.1687567,1,follower,manual,0.23552460968494415,1.1178674697875977,0.77735435962677,0.5,1,0.5,0.26447539031505585,-0.11786746978759766,-0.27735435962677,0,0,0,0,,,,,,,
1762585892.2691271,2,follower,manual,-0.045115482062101364,1.0745218992233276,-0.6184287667274475,0.5,1,-0.5,0.5451154820621014,-0.07452189922332764,0.11842876672744751,0,0,0,0,,,,,,,
1762585892.3753264,0,leader,manual,-0.32597386837005615,1.1830852031707764,0.11980903148651123,0,1,0,0.32597386837005615,-0.18308520317077637,-0.11980903148651123,0,0,0,0,1.0,0.0,0.0,0.0,0.0,0.0,0.0
1762585892.3763022,1,follower,manual,0.23552460968494415,1.1178674697875977,0.77735435962677,0.5,1,0.5,0.26447539031505585,-0.11786746978759766,-0.27735435962677,0,0,0,0,1.0,0.0,0.0,0.0,0.0,0.0,0.0
1762585892.4771066,2,follower,manual,-0.045115482062101364,1.0745218992233276,-0.6184287667274475,0.5,1,-0.5,0.5451154820621014,-0.07452189922332764,0.11842876672744751,0,0,0,0,1.0,0.0,0.0,0.0,0.0,0.0,0.0
1762585892.4777892,0,follower,manual,-0.3289281129837036,1.2005034685134888,0.12152700871229172,0,1,0,0.3289281129837036,-0.20050346851348877,-0.12152700871229172,0,0,0,0,,,,,,,
1762585892.4779298,1,follower,manual,0.22892047464847565,1.128092885017395,0.7633232474327087,0.5,1,0.5,0.27107952535152435,-0.12809288501739502,-0.26332324743270874,0,0,0,0,,,,,,,
1762585892.578301,2,follower,manual,-0.03870284557342529,1.0831897258758545,-0.6261622905731201,0.5,1,-0.5,0.5387028455734253,-0.08318972587585449,0.12616229057312012,0,0,0,0,,,,,,,
1762585892.7812319,0,leader,manual,-0.3289281129837036,1.2005034685134888,0.12152700871229172,0,1,0,0.3289281129837036,-0.20050346851348877,-0.12152700871229172,0,0,0,0,1.0,0.0,0.0,0.0,0.0,0.0,0.0
1762585892.7814717,1,follower,manual,0.22892047464847565,1.128092885017395,0.7633232474327087,0.5,1,0.5,0.27107952535152435,-0.12809288501739502,-0.26332324743270874,0,0,0,0,1.0,0.0,0.0,0.0,0.0,0.0,0.0
1762585892.8819227,2,follower,manual,-0.03870284557342529,1.0831897258758545,-0.6261622905731201,0.5,1,-0.5,0.5387028455734253,-0.08318972587585449,0.12616229057312012,0,0,0,0,1.0,0.0,0.0,0.0,0.0,0.0,0.0
1762585892.8830745,0,follower,manual,-0.34198713302612305,1.2082560062408447,0.11680006980895996,0,1,0,0.34198713302612305,-0.20825600624084473,-0.11680006980895996,0,0,0,0,,,,,,,
1762585892.8832371,1,follower,manual,0.21868638694286346,1.132103443145752,0.7457823753356934,0.5,1,0.5,0.28131361305713654,-0.13210344314575195,-0.24578237533569336,0,0,0,0,,,,,,,
1762585892.9837039,2,follower,manual,-0.03197793290019035,1.0956262350082397,-0.6342490315437317,0.5,1,-0.5,0.5319779329001904,-0.09562623500823975,0.1342490315437317,0,0,0,0,,,,,,,
1762585893.1464884,0,leader,manual,-0.34198713302612305,1.2082560062408447,0.11680006980895996,0,1,0,0.34198713302612305,-0.20825600624084473,-0.11680006980895996,0,0,0,0,1.0,0.0,0.0,0.0,0.0,0.0,0.0
1762585893.1466746,1,follower,manual,0.21868638694286346,1.132103443145752,0.7457823753356934,0.5,1,0.5,0.28131361305713654,-0.13210344314575195,-0.24578237533569336,0,0,0,0,1.0,0.0,0.0,0.0,0.0,0.0,0.0
1762585893.247187,2,follower,manual,-0.03197793290019035,1.0956262350082397,-0.6342490315437317,0.5,1,-0.5,0.5319779329001904,-0.09562623500823975,0.1342490315437317,0,0,0,0,1.0,0.0,0.0,0.0,0.0,0.0,0.0
1762585893.247949,0,follower,manual,-0.3488568365573883,1.2035515308380127,0.11392220854759216,0,1,0,0.3488568365573883,-0.2035515308380127,-0.11392220854759216,0,0,0,0,,,,,,,
1762585893.248088,1,follower,manual,0.20841476321220398,1.131185531616211,0.7284960150718689,0.5,1,0.5,0.291585236787796,-0.13118553161621094,-0.2284960150718689,0,0,0,0,,,,,,,
1762585893.3485594,2,follower,manual,-0.031991615891456604,1.1078776121139526,-0.6373372077941895,0.5,1,-0.5,0.5319916158914566,-0.10787761211395264,0.13733720779418945,0,0,0,0,,,,,,,
1762585893.5058193,0,leader,manual,-0.3488568365573883,1.2035515308380127,0.11392220854759216,0,1,0,0.3488568365573883,-0.2035515308380127,-0.11392220854759216,0,0,0,0,1.0,0.0,0.0,0.0,0.0,0.0,0.0
1762585893.5060394,1,follower,manual,0.20841476321220398,1.131185531616211,0.7284960150718689,0.5,1,0.5,0.291585236787796,-0.13118553161621094,-0.2284960150718689,0,0,0,0,1.0,0.0,0.0,0.0,0.0,0.0,0.0
1762585893.606478,2,follower,manual,-0.031991615891456604,1.1078776121139526,-0.6373372077941895,0.5,1,-0.5,0.5319916158914566,-0.10787761211395264,0.13733720779418945,0,0,0,0,1.0,0.0,0.0,0.0,0.0,0.0,0.0
1762585893.6072035,0,follower,manual,-0.354218989610672,1.1996208429336548,0.11706829071044922,0,1,0,0.354218989610672,-0.19962084293365479,-0.11706829071044922,0,0,0,0,,,,,,,
1762585893.6078548,1,follower,manual,0.19676274061203003,1.1310813426971436,0.7068526148796082,0.5,1,0.5,0.30323725938796997,-0.13108134269714355,-0.20685261487960815,0,0,0,0,,,,,,,
1762585893.7082298,2,follower,manual,-0.03695903718471527,1.1137135028839111,-0.6306214928627014,0.5,1,-0.5,0.5369590371847153,-0.11371350288391113,0.13062149286270142,0,0,0,0,,,,,,,
1762585893.8582087,0,leader,manual,-0.354218989610672,1.1996208429336548,0.11706829071044922,0,1,0,0.354218989610672,-0.19962084293365479,-0.11706829071044922,0,0,0,0,1.0,0.0,0.0,0.0,0.0,0.0,0.0
1762585893.8584306,1,follower,manual,0.19676274061203003,1.1310813426971436,0.7068526148796082,0.5,1,0.5,0.30323725938796997,-0.13108134269714355,-0.20685261487960815,0,0,0,0,1.0,0.0,0.0,0.0,0.0,0.0,0.0
1762585893.9588516,2,follower,manual,-0.03695903718471527,1.1137135028839111,-0.6306214928627014,0.5,1,-0.5,0.5369590371847153,-0.11371350288391113,0.13062149286270142,0,0,0,0,1.0,0.0,0.0,0.0,0.0,0.0,0.0
1762585893.9595723,0,follower,manual,-0.3562943935394287,1.198118805885315,0.12166842073202133,0,1,0,0.3562943935394287,-0.19811880588531494,-0.12166842073202133,0,20,0,0,,,,,,,
1762585893.959729,1,follower,manual,0.1854555606842041,1.1295408010482788,0.6818954348564148,0.5,1,0.5,0.3145444393157959,-0.1295408010482788,-0.1818954348564148,0,20,0,0,,,,,,,
1762585894.0601246,2,follower,manual,-0.04334873706102371,1.1148110628128052,-0.6227220892906189,0.5,1,-0.5,0.5433487370610237,-0.11481106281280518,0.1227220892906189,0,20,0,0,,,,,,,
1762585894.1652036,0,leader,manual,-0.3562943935394287,1.198118805885315,0.12166842073202133,0,1,0,0.3562943935394287,-0.19811880588531494,-0.12166842073202133,0,20,0,0,1.0,0.0,0.0,0.0,0.0,0.0,0.0
1762585894.1654088,1,follower,manual,0.1854555606842041,1.1295408010482788,0.6818954348564148,0.5,1,0.5,0.3145444393157959,-0.1295408010482788,-0.1818954348564148,0,20,0,0,1.0,0.0,0.0,0.0,0.0,0.0,0.0
1762585894.2660732,2,follower,manual,-0.04334873706102371,1.1148110628128052,-0.6227220892906189,0.5,1,-0.5,0.5433487370610237,-0.11481106281280518,0.1227220892906189,0,20,0,0,1.0,0.0,0.0,0.0,0.0,0.0,0.0
1762585894.2668068,0,follower,manual,-0.35538479685783386,1.1990330219268799,0.12481491267681122,0,1,0,0.35538479685783386,-0.19903302192687988,-0.12481491267681122,0,20,0,0,,,,,,,
1762585894.266958,1,follower,manual,0.1787792295217514,1.1302331686019897,0.6610304117202759,0.5,1,0.5,0.3212207704782486,-0.13023316860198975,-0.16103041172027588,0,20,0,0,,,,,,,
1762585894.367316,2,follower,manual,-0.04429052770137787,1.1098049879074097,-0.614538848400116,0.5,1,-0.5,0.5442905277013779,-0.10980498790740967,0.11453884840011597,0,20,0,0,,,,,,,
1762585894.5707304,0,leader,manual,-0.35538479685783386,1.1990330219268799,0.12481491267681122,0,1,0,0.35538479685783386,-0.19903302192687988,-0.12481491267681122,0,20,0,0,1.0,0.0,0.0,0.0,0.0,0.0,0.0
1762585894.5709403,1,follower,manual,0.1787792295217514,1.1302331686019897,0.6610304117202759,0.5,1,0.5,0.3212207704782486,-0.13023316860198975,-0.16103041172027588,0,20,0,0,1.0,0.0,0.0,0.0,0.0,0.0,0.0
1762585894.671472,2,follower,manual,-0.04429052770137787,1.1098049879074097,-0.614538848400116,0.5,1,-0.5,0.5442905277013779,-0.10980498790740967,0.11453884840011597,0,20,0,0,1.0,0.0,0.0,0.0,0.0,0.0,0.0
1762585894.672207,0,follower,manual,-0.32944586873054504,1.2062145471572876,0.13140007853507996,0,1,0,0.32944586873054504,-0.2062145471572876,-0.13140007853507996,0,20,0,0,,,,,,,
1762585894.6723554,1,follower,manual,0.19308649003505707,1.131263017654419,0.6216235160827637,0.5,1,0.5,0.30691350996494293,-0.13126301765441895,-0.12162351608276367,0,20,0,0,,,,,,,
1762585894.7728233,2,follower,manual,-0.02140151895582676,1.1076332330703735,-0.6081428527832031,0.5,1,-0.5,0.5214015189558268,-0.10763323307037354,0.10814285278320312,0,20,0,0,,,,,,,
1762585894.9813392,0,leader,manual,-0.32944586873054504,1.2062145471572876,0.13140007853507996,0,1,0,0.32944586873054504,-0.2062145471572876,-0.13140007853507996,0,20,0,0,1.0,0.0,0.0,0.0,0.0,0.0,0.0
1762585894.9815516,1,follower,manual,0.19308649003505707,1.131263017654419,0.6216235160827637,0.5,1,0.5,0.30691350996494293,-0.13126301765441895,-0.12162351608276367,0,20,0,0,1.0,0.0,0.0,0.0,0.0,0.0,0.0
1762585895.0820282,2,follower,manual,-0.02140151895582676,1.1076332330703735,-0.6081428527832031,0.5,1,-0.5,0.5214015189558268,-0.10763323307037354,0.10814285278320312,0,20,0,0,1.0,0.0,0.0,0.0,0.0,0.0,0.0
1762585895.082786,0,follower,manual,-0.2718691825866699,1.214479923248291,0.15288011729717255,0,1,0,0.2718691825866699,-0.21447992324829102,-0.15288011729717255,0,20,0,0,,,,,,,
1762585895.0829413,1,follower,manual,0.2362184226512909,1.1282110214233398,0.5646926164627075,0.5,1,0.5,0.2637815773487091,-0.12821102142333984,-0.06469261646270752,0,20,0,0,,,,,,,
1762585895.1833096,2,follower,manual,0.04049864783883095,1.110243797302246,-0.5993174314498901,0.5,1,-0.5,0.45950135216116905,-0.1102437973022461,0.09931743144989014,0,20,0,0,,,,,,,
1762585895.3034089,0,leader,manual,-0.2718691825866699,1.214479923248291,0.15288011729717255,0,1,0,0.2718691825866699,-0.21447992324829102,-0.15288011729717255,0,20,0,0,1.0,0.0,0.0,0.0,0.0,0.0,0.0
1762585895.303742,1,follower,manual,0.2362184226512909,1.1282110214233398,0.5646926164627075,0.5,1,0.5,0.2637815773487091,-0.12821102142333984,-0.06469261646270752,0,20,0,0,1.0,0.0,0.0,0.0,0.0,0.0,0.0
1762585895.4043145,2,follower,manual,0.04049864783883095,1.110243797302246,-0.5993174314498901,0.5,1,-0.5,0.45950135216116905,-0.1102437973022461,0.09931743144989014,0,20,0,0,1.0,0.0,0.0,0.0,0.0,0.0,0.0
1762585895.4054387,0,follower,manual,-0.21700669825077057,1.2116278409957886,0.17220057547092438,0,1,0,0.21700669825077057,-0.21162784099578857,-0.17220057547092438,0,20,0,0,,,,,,,
1762585895.4057136,1,follower,manual,0.2829165756702423,1.1292163133621216,0.5150626301765442,0.5,1,0.5,0.2170834243297577,-0.12921631336212158,-0.01506263017654419,0,20,0,0,,,,,,,
1762585895.5062304,2,follower,manual,0.10118594765663147,1.1190690994262695,-0.5941206216812134,0.5,1,-0.5,0.39881405234336853,-0.11906909942626953,0.09412062168121338,0,20,0,0,,,,,,,
1762585895.6866808,0,leader,manual,-0.21700669825077057,1.2116278409957886,0.17220057547092438,0,1,0,0.21700669825077057,-0.21162784099578857,-0.17220057547092438,0,20,0,0,1.0,0.0,0.0,0.0,0.0,0.0,0.0
1762585895.687008,1,follower,manual,0.2829165756702423,1.1292163133621216,0.5150626301765442,0.5,1,0.5,0.2170834243297577,-0.12921631336212158,-0.01506263017654419,0,20,0,0,1.0,0.0,0.0,0.0,0.0,0.0,0.0
1762585895.787436,2,follower,manual,0.10118594765663147,1.1190690994262695,-0.5941206216812134,0.5,1,-0.5,0.39881405234336853,-0.11906909942626953,0.09412062168121338,0,20,0,0,1.0,0.0,0.0,0.0,0.0,0.0,0.0
1762585895.788203,0,follower,manual,-0.13884849846363068,1.2034885883331299,0.1931634098291397,0,1,0,0.13884849846363068,-0.20348858833312988,-0.1931634098291397,0,20,0,0,,,,,,,
1762585895.7883673,1,follower,manual,0.3454969525337219,1.1274604797363281,0.45072031021118164,0.5,1,0.5,0.15450304746627808,-0.12746047973632812,0.04927968978881836,0,20,0,0,,,,,,,
1762585895.8887494,2,follower,manual,0.1790924072265625,1.111377239227295,-0.5878998041152954,0.5,1,-0.5,0.3209075927734375,-0.11137723922729492,0.08789980411529541,0,20,0,0,,,,,,,
1762585895.9930735,0,leader,manual,-0.13884849846363068,1.2034885883331299,0.1931634098291397,0,1,0,0.13884849846363068,-0.20348858833312988,-0.1931634098291397,0,20,0,0,1.0,0.0,0.0,0.0,0.0,0.0,0.0
1762585895.9931328,1,follower,manual,0.3454969525337219,1.1274604797363281,0.45072031021118164,0.5,1,0.5,0.15450304746627808,-0.12746047973632812,0.04927968978881836,0,20,0,0,1.0,0.0,0.0,0.0,0.0,0.0,0.0
1762585904.309589,2,follower,manual,0.1790924072265625,1.111377239227295,-0.5878998041152954,0.5,1,-0.5,0.3209075927734375,-0.11137723922729492,0.08789980411529541,0,20,0,0,1.0,0.0,0.0,0.0,0.0,0.0,0.0
1762585904.411309,0,follower,manual,1.5420808792114258,1.0797905921936035,0.6534795761108398,0,1,0,-1.5420808792114258,-0.07979059219360352,-0.6534795761108398,0,0,0,0,,,,,,,
1762585904.511895,1,follower,manual,1.4187049865722656,1.0615670680999756,-1.0602871179580688,0.5,1,0.5,-0.9187049865722656,-0.061567068099975586,1.5602871179580688,0,0,0,0,,,,,,,
1762585909.0196342,2,follower,manual,1.837931752204895,1.027513027191162,-0.5872841477394104,0.5,1,-0.5,-1.337931752204895,-0.02751302719116211,0.0872841477394104,0,0,0,0,,,,,,,
1762585909.1641402,0,leader,manual,1.5420808792114258,1.0797905921936035,0.6534795761108398,0,1,0,-1.5420808792114258,-0.07979059219360352,-0.6534795761108398,0,0,0,0,1.0,0.0,0.0,0.0,0.0,0.0,0.0
1762585909.16445,1,follower,manual,1.4187049865722656,1.0615670680999756,-1.0602871179580688,0.5,1,0.5,-0.9187049865722656,-0.061567068099975586,1.5602871179580688,0,0,0,0,1.0,0.0,0.0,0.0,0.0,0.0,0.0
1762585909.2650049,2,follower,manual,1.837931752204895,1.027513027191162,-0.5872841477394104,0.5,1,-0.5,-1.337931752204895,-0.02751302719116211,0.0872841477394104,0,0,0,0,1.0,0.0,0.0,0.0,0.0,0.0,0.0
1762585909.455306,0,leader,manual,1.7321950197219849,0.015716351568698883,0.7739814519882202,0,1,0,-1.7321950197219849,0.9842836484313011,-0.7739814519882202,0,0,0,0,1.0,0.0,0.0,0.0,0.0,0.0,0.0
1762585909.4556427,1,follower,manual,0.843783438205719,0.04842659831047058,-0.5107855200767517,0.5,1,0.5,-0.343783438205719,0.9515734016895294,1.0107855200767517,0,0,0,0,1.0,0.0,0.0,0.0,0.0,0.0,0.0
1762585909.5562181,2,follower,manual,0.8320671916007996,0.03196093067526817,-0.5122460722923279,0.5,1,-0.5,-0.33206719160079956,0.9680390693247318,0.01224607229232788,0,0,0,0,1.0,0.0,0.0,0.0,0.0,0.0,0.0
1762585909.6609573,0,leader,manual,1.7314863204956055,0.017263514921069145,0.7751063704490662,0,1,0,-1.7314863204956055,0.9827364850789309,-0.7751063704490662,0,0,0,0,1.0,0.0,0.0,0.0,0.0,0.0,0.0
1762585909.6612747,1,follower,manual,0.8437777161598206,0.048464491963386536,-0.5108040571212769,0.5,1,0.5,-0.34377771615982056,0.9515355080366135,1.0108040571212769,0,0,0,0,1.0,0.0,0.0,0.0,0.0,0.0,0.0
1762585909.7618673,2,follower,manual,0.8320372700691223,0.03198836371302605,-0.51227867603302,0.5,1,-0.5,-0.3320372700691223,0.968011636286974,0.01227867603302002,0,0,0,0,1.0,0.0,0.0,0.0,0.0,0.0,0.0
1762585909.8638613,0,leader,manual,1.7315292358398438,0.01719891093671322,0.7749950289726257,0,1,0,-1.7315292358398438,0.9828010890632868,-0.7749950289726257,0,0,0,0,1.0,0.0,0.0,0.0,0.0,0.0,0.0
1762585909.864079,1,follower,manual,0.8437545299530029,0.04847925901412964,-0.5107311010360718,0.5,1,0.5,-0.34375452995300293,0.9515207409858704,1.0107311010360718,0,0,0,0,1.0,0.0,0.0,0.0,0.0,0.0,0.0
1762585909.9666882,2,follower,manual,0.8319958448410034,0.031993743032217026,-0.5122166872024536,0.5,1,-0.5,-0.3319958448410034,0.968006256967783,0.012216687202453613,0,0,0,0,1.0,0.0,0.0,0.0,0.0,0.0,0.0
1762585910.1694221,0,leader,manual,1.7322276830673218,0.015794534236192703,0.7739508152008057,0,1,0,-1.7322276830673218,0.9842054657638073,-0.7739508152008057,0,0,0,0,1.0,0.0,0.0,0.0,0.0,0.0,0.0
1762585910.169601,1,follower,manual,0.8437889814376831,0.04847976192831993,-0.5107728838920593,0.5,1,0.5,-0.3437889814376831,0.9515202380716801,1.0107728838920593,0,0,0,0,1.0,0.0,0.0,0.0,0.0,0.0,0.0
1762585910.269957,2,follower,manual,0.8320581912994385,0.031994618475437164,-0.5122400522232056,0.5,1,-0.5,-0.3320581912994385,0.9680053815245628,0.012240052223205566,0,0,0,0,1.0,0.0,0.0,0.0,0.0,0.0,0.0
1762585910.4275966,0,leader,manual,1.732190728187561,0.015804439783096313,0.7739619016647339,0,1,0,-1.732190728187561,0.9841955602169037,-0.7739619016647339,0,0,0,0,1.0,0.0,0.0,0.0,0.0,0.0,0.0
1762585910.427814,1,follower,manual,0.8437192440032959,0.0484166294336319,-0.510751485824585,0.5,1,0.5,-0.3437192440032959,0.9515833705663681,1.010751485824585,0,0,0,0,1.0,0.0,0.0,0.0,0.0,0.0,0.0
1762585910.5282478,2,follower,manual,0.8320243954658508,0.0319502130150795,-0.5122324228286743,0.5,1,-0.5,-0.33202439546585083,0.9680497869849205,0.012232422828674316,0,0,0,0,1.0,0.0,0.0,0.0,0.0,0.0,0.0
