timestamp,drone_id,role,mode,x,y,z,x_hat,y_hat,z_hat,vx,vy,vz,vx_hat,vy_hat,vz_hat,target_x,target_y,target_z,target_vx,target_vy,target_vz,error_x,error_y,error_z,rc_lr,rc_fb,rc_ud,rc_yaw,trust,xi_x,xi_y,xi_z,xi_ijk_x,xi_ijk_y,xi_ijk_z,xi_sig_x,xi_sig_y,xi_sig_z,psi_x,psi_y,psi_z,tau,is_collinear,is_occluded,tracking_error,estimation_error,control_weight_norm
1769321221.1301637,0,follower_3,slaf,-0.3197992146015167,1.0,1.0417975187301636,-0.1759786757988742,1.0,0.7759214384074659,0.10804504156112671,0.0,0.31969666481018066,0.0,0.0,0.0,-0.09257074305256083,1.0,0.7925707430525609,0.012189550399780274,0.0,-0.012189550399780274,-0.2272284715489559,0.0,0.24922677567760265,-30,12,0,0,1.0,0.0264336400900263,0.0,0.08790354385289562,0.0264336400900263,0.0,0.08790354385289562,0.0,0.0,0.0,0.0,0.0,0.0,0.0,0,0,0.33726364167684714,0.3022820495319628,0.5600415644818343
1769321221.133697,1,follower_4,slaf,-0.33154332637786865,1.0,0.5026737451553345,-0.16614382640886294,1.0,0.21578550004567343,-0.0704050064086914,0.0,0.05858808755874634,0.0,0.0,0.0,-0.09257074305256083,1.0,0.19257074305256083,0.012189550399780274,0.0,-0.012189550399780274,-0.23897258332530782,0.0,0.31010300210277364,-13,27,0,0,1.0,0.08179334846401243,0.0,0.01985338257959755,0.08179334846401243,0.0,0.01985338257959755,0.0,0.0,0.0,0.0,0.0,0.0,0.0,0,0,0.3914993837725981,0.3311523211032924,1.89674549411048
1769321221.6669955,0,follower_3,slaf,-0.31900668144226074,1.0,1.0542194843292236,-0.13951106446019645,1.0,0.9060723720783674,0.018541812896728516,0.0,0.0016057491302490234,0.18382607851473437,0.0,-0.23838816521069373,-0.08257896231994549,1.0,0.7825789623199454,0.022918000221252444,0.0,-0.022918000221252444,-0.23642771912231525,0.0,0.27164052200927824,-34,15,0,0,1.0,0.009724548431484757,0.0,0.031998102873177975,0.009724548431484757,0.0,0.031998102873177975,0.0,0.0,0.0,0.0,0.0,0.0,0.0,0,0,0.3601203126273962,0.2327364247040839,0.5596414419988588
1769321221.6675823,1,follower_4,slaf,-0.3204130232334137,1.0,0.5015798807144165,-0.12249646427997524,1.0,0.253622138445881,0.06274640560150146,0.0,-0.0065267086029052734,0.19514674125775594,0.0,-0.14398598784828415,-0.08257896231994549,1.0,0.18257896231994553,0.022918000221252444,0.0,-0.022918000221252444,-0.2378340609134682,0.0,0.319000918394471,-20,6,0,0,1.0,0.01250424310165675,0.0,0.014223396850422537,0.01250424310165675,0.0,0.014223396850422537,0.0,0.0,0.0,0.0,0.0,0.0,0.0,0,0,0.3979027851964689,0.31726015548580844,1.8555217714655141
1769321222.19594,0,follower_3,slaf,-0.2823526859283447,1.0,1.0190240144729614,-0.08875987307996783,1.0,0.9176654323984063,0.09594529867172241,0.0,-0.13539791107177734,0.27257068075016083,0.0,-0.5917831272597575,-0.06717022809887792,1.0,0.7671702280988779,0.03345689773559571,0.0,-0.03345689773559571,-0.21518245782946682,0.0,0.2518537863740835,-28,0,0,0,1.0,0.00343251880704842,0.0,0.01162419765301484,0.00343251880704842,0.0,0.01162419765301484,0.0,0.0,0.0,0.0,0.0,0.0,0.0,0,0,0.3312609543373513,0.2185217136732893,0.5665594016464549
1769321222.196513,1,follower_4,slaf,-0.2800634801387787,1.0,0.4837868809700012,-0.07186894054363782,1.0,0.26623719941921664,0.07080882787704468,0.0,-0.06109952926635742,0.20598377209105026,0.0,-0.3685836626280579,-0.06717022809887792,1.0,0.16717022809887797,0.03345689773559571,0.0,-0.03345689773559571,-0.21289325203990078,0.0,0.3166166528711233,-23,-1,0,0,1.0,-0.003351600416851362,0.0,0.01085515572340944,-0.003351600416851362,0.0,0.01085515572340944,0.0,0.0,0.0,0.0,0.0,0.0,0.0,0,0,0.381535898231658,0.30111929572858737,1.9153366639699085
1769321222.726111,0,follower_3,slaf,-0.24883641302585602,1.0,0.9338560700416565,-0.050418556147163986,1.0,0.849619802576526,0.049475282430648804,0.0,-0.1766127347946167,0.27375037091361226,0.0,-0.8098553657935886,-0.04592447732170965,1.0,0.7459244773217096,0.044118547439575204,0.0,-0.044118547439575204,-0.20291193570414637,0.0,0.18793159271994686,-13,1,0,0,1.0,0.001327538054245573,0.0,0.004931598137246952,0.001327538054245573,0.0,0.004931598137246952,0.0,0.0,0.0,0.0,0.0,0.0,0.0,0,0,0.27657103462484933,0.21555833244110542,0.5751689419317648
1769321222.7265615,1,follower_4,slaf,-0.259851336479187,1.0,0.43751299381256104,-0.056076043959664854,1.0,0.2451534401907375,0.025057494640350342,0.0,-0.1144447922706604,0.21649354989627456,0.0,-0.5871020210460445,-0.04592447732170965,1.0,0.1459244773217097,0.044118547439575204,0.0,-0.044118547439575204,-0.21392685915747736,0.0,0.2915885164908513,-18,5,0,0,1.0,-0.0005939236274583384,0.0,0.009540339736164938,-0.0005939236274583384,0.0,0.009540339736164938,0.0,0.0,0.0,0.0,0.0,0.0,0.0,0,0,0.36164701577410896,0.2802259226249492,2.054580791349793
1769321223.25398,0,follower_3,slaf,-0.23433317244052887,1.0,0.8766389489173889,-0.03268559517536291,1.0,0.8049379872080513,0.021863579750061035,0.0,-0.06230652332305908,0.31350105206849316,0.0,-0.9565385556355787,-0.01942815765265888,1.0,0.7194281576526589,0.05462789535522462,0.0,-0.05462789535522462,-0.21490501478787,0.0,0.15721079126473003,-21,7,0,0,1.0,0.001322041238560074,0.0,0.00522324836817064,0.001322041238560074,0.0,0.00522324836817064,0.0,0.0,0.0,0.0,0.0,0.0,0.0,0,0,0.26626940919124964,0.2140158249451544,0.579680809221271
1769321223.2544703,1,follower_4,slaf,-0.253253698348999,1.0,0.37626340985298157,-0.048649418967463234,1.0,0.20606985781445067,0.01365959644317627,0.0,-0.1172909140586853,0.30492919757173526,0.0,-0.7564818478118451,-0.01942815765265888,1.0,0.11942815765265893,0.05462789535522462,0.0,-0.05462789535522462,-0.23382554069634015,0.0,0.25683525220032266,-16,12,0,0,1.0,0.003917034223870977,0.0,0.008455837656900042,0.003917034223870977,0.0,0.008455837656900042,0.0,0.0,0.0,0.0,0.0,0.0,0.0,0,0,0.3473308656810379,0.26613672481777045,2.033607557286984
1769321223.7831037,0,follower_3,slaf,-0.22500038146972656,1.0,0.8622961044311523,-0.020872904486368835,1.0,0.8005519154105587,-0.0009745359420776367,0.0,-0.030260682106018066,0.407586802492227,0.0,-1.2313091484635044,0.012832654076224838,1.0,0.6871673459237752,0.06520918846130373,0.0,-0.06520918846130373,-0.2378330355459514,0.0,0.1751287585073772,-32,16,0,0,1.0,0.000607453456479343,0.0,0.0025049006104188795,0.000607453456479343,0.0,0.0025049006104188795,0.0,0.0,0.0,0.0,0.0,0.0,0.0,0,0,0.2953550995891844,0.21326127575676285,0.58171196449827
1769321223.7835767,1,follower_4,slaf,-0.23735588788986206,1.0,0.32550543546676636,-0.025949909342649208,1.0,0.17494251284250498,0.04674762487411499,0.0,-0.09714901447296143,0.43586730833303317,0.0,-0.9357486281376033,0.012832654076224838,1.0,0.08716734592377523,0.06520918846130373,0.0,-0.06520918846130373,-0.2501885419660869,0.0,0.23833808954299113,-19,12,0,0,1.0,0.003467210924260916,0.0,0.007388632478787343,0.003467210924260916,0.0,0.007388632478787343,0.0,0.0,0.0,0.0,0.0,0.0,0.0,0,0,0.34554211242353555,0.25954129042343904,1.901194582313981
1769321224.310618,0,follower_3,slaf,-0.21650278568267822,1.0,0.8183041214942932,-0.012148892800063888,1.0,0.757770954974883,0.04610627889633179,0.0,-0.12601733207702637,0.5983616077490967,0.0,-1.531102332201818,0.05058329388881025,1.0,0.6494167061111896,0.07576259136199953,0.0,-0.07576259136199953,-0.26708607957148844,0.0,0.1688874153831036,-23,19,0,0,1.0,-8.82845060291345e-05,0.0,-0.00022787664508258643,-8.82845060291345e-05,0.0,-0.00022787664508258643,0.0,0.0,0.0,0.0,0.0,0.0,0.0,0,0,0.31600305849097793,0.21313089354935302,0.5847136294675656
1769321224.311053,1,follower_4,slaf,-0.20722845196723938,1.0,0.27752041816711426,0.008771122904805386,1.0,0.1435831364164909,0.06860867142677307,0.0,-0.09560108184814453,0.5589534869800742,0.0,-1.1447513208359765,0.05058329388881025,1.0,0.049416706111189826,0.07576259136199953,0.0,-0.07576259136199953,-0.2578117458560496,0.0,0.22810371205592445,-22,12,0,0,1.0,0.00052973573526581,0.0,0.0061834174962134975,0.00052973573526581,0.0,0.0061834174962134975,0.0,0.0,0.0,0.0,0.0,0.0,0.0,0,0,0.3442356747274117,0.2541554874238405,1.8924918562133652
1769321224.8382971,0,follower_3,slaf,-0.18196773529052734,1.0,0.7474141716957092,0.022429743160268516,1.0,0.6874621375766535,0.08121266961097717,0.0,-0.13297677040100098,0.7949265647075339,0.0,-1.7233215018776455,0.09410101995288533,1.0,0.6058989800471146,0.08636095046997073,0.0,-0.08636095046997073,-0.2760687552434127,0.0,0.1415151916485946,-16,19,0,0,1.0,0.00020986997239818943,0.0,0.0010966532018591227,0.00020986997239818943,0.0,0.0010966532018591227,0.0,0.0,0.0,0.0,0.0,0.0,0.0,0,0,0.31022654156114005,0.21300839324321466,0.5929012688238346
1769321224.8385904,1,follower_4,slaf,-0.16361086070537567,1.0,0.21723227202892303,0.0496062564683784,1.0,0.09676500022958376,0.09305134415626526,0.0,-0.13805121183395386,0.6679149842853446,0.0,-1.3603004101421887,0.09410101995288533,1.0,0.005898980047114736,0.08636095046997073,0.0,-0.08636095046997073,-0.257711880658261,0.0,0.2113332919818083,-18,11,0,0,1.0,-0.022190136506165803,0.0,0.0032942614372893416,-0.022190136506165803,0.0,0.0032942614372893416,0.0,0.0,0.0,0.0,0.0,0.0,0.0,0,0,0.33328242337736025,0.24489569745232817,1.9296938864690436
1769321225.3719833,0,follower_3,slaf,-0.1315416544675827,1.0,0.7012044191360474,0.07398374728683262,1.0,0.646914556382665,0.10072901844978333,0.0,-0.06062507629394531,0.9759627578519253,0.0,-1.919952247068318,0.1431454093201126,1.0,0.5568545906798873,0.09694121360778811,0.0,-0.09694121360778811,-0.2746870637876953,0.0,0.14434982845616007,-27,17,0,0,1.0,0.000555959191134805,0.0,0.002795845355287069,0.000555959191134805,0.0,0.002795845355287069,0.0,0.0,0.0,0.0,0.0,0.0,0.0,0,0,0.31030606824170914,0.21257488083989348,0.6030336179477316
1769321225.3724704,1,follower_4,slaf,-0.12109065800905228,1.0,0.14950722455978394,0.09598512054735311,1.0,0.04158619169794729,0.07626079022884369,0.0,-0.11928081512451172,0.7857229751445066,0.0,-1.5393736388999104,0.1431454093201126,1.0,-0.04314540932011254,0.09694121360778811,0.0,-0.09694121360778811,-0.2642360673291649,0.0,0.19265263387989648,-19,14,0,0,1.0,0.0034908115521139413,0.0,0.005097521478227367,0.0034908115521139413,0.0,0.005097521478227367,0.0,0.0,0.0,0.0,0.0,0.0,0.0,0,0,0.32701030047759105,0.24242285983346368,1.854413762697305
1769321225.8966372,0,follower_3,slaf,-0.07640548795461655,1.0,0.6670920848846436,0.12984910629318935,1.0,0.6167708414702656,0.11928156018257141,0.0,-0.09838104248046875,1.1523573260461852,0.0,-2.2259751790990188,0.19792619394687794,1.0,0.5020738060531219,0.1075468683242798,0.0,-0.1075468683242798,-0.2743316819014945,0.0,0.16501827883152165,-30,16,0,0,1.0,-1.839261012772167e-06,0.0,0.00020665367209611596,-1.839261012772167e-06,0.0,0.00020665367209611596,0.0,0.0,0.0,0.0,0.0,0.0,0.0,0,0,0.3201388824298301,0.2123044634177438,0.6138708059493981
1769321225.897069,1,follower_4,slaf,-0.07881111651659012,1.0,0.09043782949447632,0.13904871909818703,1.0,-0.005931073898663557,0.09209617972373962,0.0,-0.11999242007732391,0.9469516608857985,0.0,-1.7494206517647473,0.19792619394687794,1.0,-0.0979261939468779,0.1075468683242798,0.0,-0.1075468683242798,-0.27673731046346806,0.0,0.18836402344135422,-22,17,0,0,1.0,0.004123957336435575,0.0,0.004553389918065354,0.004123957336435575,0.0,0.004553389918065354,0.0,0.0,0.0,0.0,0.0,0.0,0.0,0,0,0.33476042826112073,0.2382223195153931,1.7738383498554178
1769321226.4099305,0,follower_3,slaf,-0.015528724528849125,1.0,0.5928331017494202,0.19029374574634808,1.0,0.5409144550448549,0.10543177835643291,0.0,-0.15650510787963867,1.3155832085659585,0.0,-2.4852849834548953,0.2563062989645778,1.0,0.44369370103542205,0.11781529426574708,0.0,-0.11781529426574708,-0.2718350234934269,0.0,0.14913940071399812,-21,18,0,0,1.0,-6.0280665398409344e-05,0.0,-4.5912541078605915e-05,-6.0280665398409344e-05,0.0,-4.5912541078605915e-05,0.0,0.0,0.0,0.0,0.0,0.0,0.0,0,0,0.31005941502073836,0.212269722630944,0.6274388241708618
1769321226.4103384,1,follower_4,slaf,-0.027200063690543175,1.0,0.025249991565942764,0.18901020949673114,1.0,-0.06093427999967334,0.10131331160664558,0.0,-0.12130644172430038,1.1226172254421074,0.0,-1.9738812112075543,0.2563062989645778,1.0,-0.15630629896457776,0.11781529426574708,0.0,-0.11781529426574708,-0.28350636265512097,0.0,0.18155629053052053,-24,19,0,0,1.0,-0.00317761993000594,0.0,0.003995549074776842,-0.00317761993000594,0.0,0.003995549074776842,0.0,0.0,0.0,0.0,0.0,0.0,0.0,0,0,0.33665790395762246,0.23275440038162898,1.7985518114626817
1769321226.9248755,0,follower_3,slaf,0.039579302072525024,1.0,0.516987681388855,0.24572964402874428,1.0,0.46787876336648304,0.11512599885463715,0.0,-0.11889219284057617,1.5119139362857026,0.0,-2.6806616320527454,0.3200787738234715,1.0,0.37992122617652835,0.12810220718383789,0.0,-0.12810220718383789,-0.28049947175094647,0.0,0.13706645521232663,-23,20,0,0,1.0,0.0003632179890565926,0.0,0.0025601480940400188,0.0003632179890565926,0.0,0.0025601480940400188,0.0,0.0,0.0,0.0,0.0,0.0,0.0,0,0,0.3121973202912427,0.2119189687545553,0.6402743575526562
1769321226.9253407,1,follower_4,slaf,0.03515825420618057,1.0,-0.051799699664115906,0.25462354389936415,1.0,-0.12911820095148588,0.12487901374697685,0.0,-0.15615254640579224,1.2969589090085851,0.0,-2.192965450202815,0.3200787738234715,1.0,-0.2200787738234715,0.12810220718383789,0.0,-0.12810220718383789,-0.2849205196172909,0.0,0.16827907415935558,-20,17,0,0,1.0,-0.0004584894228092263,0.0,0.003399754249392835,-0.0004584894228092263,0.0,0.003399754249392835,0.0,0.0,0.0,0.0,0.0,0.0,0.0,0,0,0.33090413913838695,0.23268683680311186,1.7959994627966542
1769321227.4418814,0,follower_3,slaf,0.10567661374807358,1.0,0.4692775011062622,0.3126927923713367,1.0,0.42667809470598717,0.13677440583705902,0.0,-0.09566456079483032,1.7141354145100731,0.0,-2.9683640248194263,0.38960491616954307,1.0,0.3103950838304568,0.13845497608184812,0.0,-0.13845497608184812,-0.2839283024214695,0.0,0.15888241727580543,-34,20,0,0,1.0,0.0002168340785208855,0.0,0.0018658464186019387,0.0002168340785208855,0.0,0.0018658464186019387,0.0,0.0,0.0,0.0,0.0,0.0,0.0,0,0,0.32535965243917475,0.21135374999614878,0.654809104036322
1769321227.4422848,1,follower_4,slaf,0.10514384508132935,1.0,-0.13265496492385864,0.3289889152929968,1.0,-0.20172488036940636,0.15198618173599243,0.0,-0.16866810619831085,1.4652809208448172,0.0,-2.399822078260789,0.38960491616954307,1.0,-0.2896049161695431,0.13845497608184812,0.0,-0.13845497608184812,-0.2844610710882137,0.0,0.15694995124568445,-19,14,0,0,1.0,0.005663213924758344,0.0,0.003284208017225709,0.005663213924758344,0.0,0.003284208017225709,0.0,0.0,0.0,0.0,0.0,0.0,0.0,0,0,0.32488673127826645,0.2342589777953482,1.70152872930701
1769321227.9597464,0,follower_3,slaf,0.1838730275630951,1.0,0.39744898676872253,0.39077371423711543,1.0,0.3552832488102002,0.17911508679389954,0.0,-0.18456578254699707,1.9121979306696608,0.0,-3.2996590617829447,0.46452327841791885,1.0,0.235476721582081,0.14881215095520015,0.0,-0.14881215095520015,-0.28065025085482376,0.0,0.16197226518664154,-27,16,0,0,1.0,-0.00018064537155014363,0.0,-0.0007595532539537951,-0.00018064537155014363,0.0,-0.0007595532539537951,0.0,0.0,0.0,0.0,0.0,0.0,0.0,0,0,0.32403638375121896,0.21115360191994811,0.6731042018789201
1769321227.9601424,1,follower_4,slaf,0.17177249491214752,1.0,-0.21067757904529572,0.3919799472071187,1.0,-0.2718533376226523,0.12778952717781067,0.0,-0.15579596161842346,1.6426489784102523,0.0,-2.616860907436805,0.46452327841791885,1.0,-0.3645232784179189,0.14881215095520015,0.0,-0.14881215095520015,-0.29275078350577133,0.0,0.15384569937262316,-23,21,0,0,1.0,0.0004203246943414538,0.0,0.003159146012426478,0.0004203246943414538,0.0,0.003159146012426478,0.0,0.0,0.0,0.0,0.0,0.0,0.0,0,0,0.33071365326925123,0.22854714061601605,1.6835838525649092
1769321228.4761045,0,follower_3,slaf,0.2652091681957245,1.0,0.306002676486969,0.47207707309590835,1.0,0.26562337312866513,0.15858516097068787,0.0,-0.1828986406326294,2.0891153651769163,0.0,-3.567157134694659,0.5445568580586893,1.0,0.15544314194131048,0.15913852214813226,0.0,-0.15913852214813226,-0.27934768986296477,0.0,0.1505595345456585,-26,19,0,0,1.0,3.9984275722304216e-05,0.0,0.0013262366819982718,3.9984275722304216e-05,0.0,0.0013262366819982718,0.0,0.0,0.0,0.0,0.0,0.0,0.0,0,0,0.3173378409115126,0.2107719578537274,0.6932533477151794
1769321228.476504,1,follower_4,slaf,0.23810000717639923,1.0,-0.2833636999130249,0.46175851863227513,1.0,-0.3367638867033389,0.15844926238059998,0.0,-0.16357719898223877,1.879102577677645,0.0,-2.885039688993642,0.5445568580586893,1.0,-0.4445568580586894,0.15913852214813226,0.0,-0.15913852214813226,-0.30645685088229,0.0,0.16119315814566448,-27,21,0,0,1.0,0.004117719594276505,0.0,0.002728374439472415,0.004117719594276505,0.0,0.002728374439472415,0.0,0.0,0.0,0.0,0.0,0.0,0.0,0,0,0.3462644014126537,0.2299450145054217,1.733323306903169
1769321228.9937499,0,follower_3,slaf,0.32998397946357727,1.0,0.2279077023267746,0.5371207403039264,1.0,0.19363008342685895,0.11284619569778442,0.0,-0.14964953064918518,2.321483354454019,0.0,-3.8648882155467086,0.630158668359977,1.0,0.06984133164002278,0.1694924688339233,0.0,-0.1694924688339233,-0.30017468889639976,0.0,0.15806637068675183,-33,29,0,0,1.0,8.071729936685347e-05,0.0,0.0025087744108391735,8.071729936685347e-05,0.0,0.0025087744108391735,0.0,0.0,0.0,0.0,0.0,0.0,0.0,0,0,0.33924890773019745,0.20995378741256338,0.7098407627330686
1769321228.9941485,1,follower_4,slaf,0.3260137438774109,1.0,-0.3786798417568207,0.5114547704670087,1.0,-0.42493962167304294,-0.02908468246459961,0.0,-0.3208199143409729,2.0173828755366654,0.0,-3.1777044997155737,0.630158668359977,1.0,-0.5301586683599772,0.1694924688339233,0.0,-0.1694924688339233,-0.30414492448256614,0.0,0.15147882660315648,-12,50,0,0,1.0,-0.14334394625291114,0.0,1.153908940819485e-05,-0.14334394625291114,0.0,1.153908940819485e-05,0.0,0.0,0.0,0.0,0.0,0.0,0.0,0,0,0.3397792960107708,0.1911238906586543,1.6908806369476734
1769321229.516673,0,follower_3,slaf,0.4107587933540344,1.0,0.13705360889434814,0.6177954498039678,1.0,0.10628046567409807,0.22159308195114136,0.0,-0.20465075969696045,2.6203909156598675,0.0,-4.196153505536163,0.7220593908959618,1.0,-0.022059390895962067,0.1799495840072631,0.0,-0.1799495840072631,-0.3113005975419274,0.0,0.1591129997903102,-30,22,0,0,1.0,-9.16839132411181e-05,0.0,0.000904797115089187,-9.16839132411181e-05,0.0,0.000904797115089187,0.0,0.0,0.0,0.0,0.0,0.0,0.0,0,0,0.3496069346169099,0.20931116419728257,0.7309174511822241
1769321229.517121,1,follower_4,slaf,0.4190954864025116,1.0,-0.48993343114852905,0.6470055780076205,1.0,-0.5294171400222282,0.20335614681243896,0.0,-0.20233184099197388,2.274570154837498,0.0,-3.3609757009397163,0.7220593908959618,1.0,-0.622059390895962,0.1799495840072631,0.0,-0.1799495840072631,-0.30296390449345023,0.0,0.1321259597474329,-21,17,0,0,1.0,0.005454384950598963,0.0,0.0030966258910081605,0.005454384950598963,0.0,0.0030966258910081605,0.0,0.0,0.0,0.0,0.0,0.0,0.0,0,0,0.3305214012210052,0.23130493535995325,1.641291871565513
1769321230.031434,0,follower_3,slaf,0.5460748076438904,1.0,0.03364357352256775,0.7528375936102588,1.0,0.007556946074990262,0.27185678482055664,0.0,-0.20491629838943481,2.7799813515583915,0.0,-4.5021930802420735,0.8178573914918819,1.0,-0.11785739149188207,0.19024347305297845,0.0,-0.19024347305297845,-0.2717825838479915,0.0,0.15150096501444982,-30,9,0,0,1.0,-0.0001470098400476504,0.0,0.0027773141847315386,-0.0001470098400476504,0.0,0.0027773141847315386,0.0,0.0,0.0,0.0,0.0,0.0,0.0,0,0,0.3111564161051481,0.20840192367673335,0.7673883516606117
1769321230.031866,1,follower_4,slaf,0.5088168978691101,1.0,-0.5782787203788757,0.7316871002142039,1.0,-0.6090349570543914,0.16742438077926636,0.0,-0.17415165901184082,2.4785190217838373,0.0,-3.619112922192913,0.8178573914918819,1.0,-0.717857391491882,0.19024347305297845,0.0,-0.19024347305297845,-0.30904049362277175,0.0,0.13957867111300626,-29,24,0,0,1.0,-0.006104305954877574,0.0,0.00399440512242801,-0.006104305954877574,0.0,0.00399440512242801,0.0,0.0,0.0,0.0,0.0,0.0,0.0,0,0,0.3390991479321044,0.22498238417214667,1.683093648371667
1769321230.5531976,0,follower_3,slaf,0.6485892534255981,1.0,-0.061890941113233566,0.85469515638761,1.0,-0.07912406820447429,0.14892876148223877,0.0,-0.17703711986541748,2.9008163923266292,0.0,-4.831733641651166,0.9204106270394877,1.0,-0.220410627039488,0.20068113327026363,0.0,-0.20068113327026363,-0.2718213736138896,0.0,0.15851968592625443,-38,22,0,0,1.0,-0.00033838997669003346,0.0,0.0038069134873222055,-0.00033838997669003346,0.0,0.0038069134873222055,0.0,0.0,0.0,0.0,0.0,0.0,0.0,0,0,0.31466704622425923,0.2068251046298033,0.796591269062826
1769321230.5536234,1,follower_4,slaf,0.5957783460617065,1.0,-0.6815600991249084,0.8219949653720102,1.0,-0.7050980162582692,0.18566608428955078,0.0,-0.23721933364868164,2.740347547771438,0.0,-3.91236077462393,0.9204106270394877,1.0,-0.8204106270394879,0.20068113327026363,0.0,-0.20068113327026363,-0.3246322809777812,0.0,0.1388505279145794,-26,27,0,0,1.0,0.007795526270417453,0.0,0.0016646373506062385,0.007795526270417453,0.0,0.0016646373506062385,0.0,0.0,0.0,0.0,0.0,0.0,0.0,0,0,0.3530801423968707,0.22743788689477357,1.670777534051139
1769321231.0686183,0,follower_3,slaf,0.7060222625732422,1.0,-0.1600874811410904,0.9112411508455908,1.0,-0.17189105894811516,0.13168632984161377,0.0,-0.23751258850097656,3.2123334943063284,0.0,-5.239319615109586,1.0269840715098095,1.0,-0.3269840715098098,0.210984878540039,0.0,-0.210984878540039,-0.32096180893656734,0.0,0.1668965903687194,-37,37,0,0,1.0,-0.00029387249367435805,0.0,0.00019263738483216164,-0.00029387249367435805,0.0,0.00019263738483216164,0.0,0.0,0.0,0.0,0.0,0.0,0.0,0,0,0.36176090815970935,0.20555806126928028,0.8128320457345533
1769321231.0690503,1,follower_4,slaf,0.6949307918548584,1.0,-0.8089169263839722,0.9204895338468153,1.0,-0.8248063096458143,0.20950615406036377,0.0,-0.2609372138977051,3.0189979621581955,0.0,-4.153831240970408,1.0269840715098095,1.0,-0.9269840715098097,0.210984878540039,0.0,-0.210984878540039,-0.33205327965495113,0.0,0.11806714512583749,-21,27,0,0,1.0,0.0001332686096081094,0.0,0.0033156722626160847,0.0001332686096081094,0.0,0.0033156722626160847,0.0,0.0,0.0,0.0,0.0,0.0,0.0,0,0,0.3524191131135977,0.2261177095882494,1.609136614195162
1769321231.5921314,0,follower_3,slaf,0.8189598321914673,1.0,-0.3142482340335846,1.02330583361131,1.0,-0.3256282288820942,0.27081549167633057,0.0,-0.30984044075012207,3.5417086402751967,0.0,-5.518933514604086,1.1404452082597492,1.0,-0.4404452082597492,0.2214299821853637,0.0,-0.2214299821853637,-0.32148537606828187,0.0,0.1261969742261646,-20,25,0,0,1.0,-0.0007959070799958019,0.0,0.0036213086592329496,-0.0007959070799958019,0.0,0.0036213086592329496,0.0,0.0,0.0,0.0,0.0,0.0,0.0,0,0,0.3453672296695271,0.20466263112505523,0.84485728663668
1769321231.5957704,1,follower_4,slaf,0.8031654953956604,1.0,-0.9335519075393677,1.0266044454065357,1.0,-0.9391832653578498,0.21244406700134277,0.0,-0.2196943759918213,3.2971591576261066,0.0,-4.3676219157263825,1.1404452082597492,1.0,-1.0404452082597493,0.2214299821853637,0.0,-0.2214299821853637,-0.33727971286408875,0.0,0.10689330072038161,-26,30,0,0,1.0,-0.006819769611860434,0.0,0.0054160581873829335,-0.006819769611860434,0.0,0.0054160581873829335,0.0,0.0,0.0,0.0,0.0,0.0,0.0,0,0,0.3538132027618247,0.22350990262814358,1.6952670778112744
1769321232.1115088,0,follower_3,slaf,0.9773980975151062,1.0,-0.44204163551330566,1.1774742582647457,1.0,-0.43490381405349726,0.2837550640106201,0.0,-0.1807519793510437,3.71269865291978,0.0,-5.744190001377261,1.259025482504859,1.0,-0.5590254825048588,0.23184636592864985,0.0,-0.23184636592864985,-0.2816273849897528,0.0,0.11698384699155318,-37,16,0,0,1.0,-0.002414539063495027,0.0,0.010198346076231886,-0.002414539063495027,0.0,0.010198346076231886,0.0,0.0,0.0,0.0,0.0,0.0,0.0,0,0,0.30495770925344645,0.20020344301611723,0.8939776378092472
1769321232.111943,1,follower_4,slaf,0.9342613220214844,1.0,-1.0384271144866943,1.1621878848563012,1.0,-1.0323509116354443,0.27872979640960693,0.0,-0.19482016563415527,3.5511345920071458,0.0,-4.660728161833015,1.259025482504859,1.0,-1.159025482504859,0.23184636592864985,0.0,-0.23184636592864985,-0.32476416048337464,0.0,0.12059836801816459,-36,20,0,0,1.0,0.010419395520884875,0.0,0.0031070698242291438,0.010419395520884875,0.0,0.0031070698242291438,0.0,0.0,0.0,0.0,0.0,0.0,0.0,0,0,0.3464328597334782,0.228007539977921,1.7827433514707682
1769321232.6279452,0,follower_3,slaf,1.0868979692459106,1.0,-0.5250262022018433,1.2824564287484237,1.0,-0.5030148013080697,0.20017385482788086,0.0,-0.20428359508514404,3.9320523561610345,0.0,-6.199438636095537,1.3819334499209661,1.0,-0.6819334499209662,0.24217292785644526,0.0,-0.24217292785644526,-0.2950354806750555,0.0,0.1569072477191229,-49,30,0,0,1.0,-0.0004643187220454044,0.0,-0.00041398984244087403,-0.0004643187220454044,0.0,-0.00041398984244087403,0.0,0.0,0.0,0.0,0.0,0.0,0.0,0,0,0.33416435962554597,0.19679332522294157,0.9299846123474163
1769321232.6284182,1,follower_4,slaf,0.9409022927284241,1.0,-1.043210744857788,1.1313214906310882,1.0,-1.0161174969917948,0.0,0.0,0.0,4.150114640646518,0.0,-5.316923696943093,1.3819334499209661,1.0,-1.281933449920966,0.24217292785644526,0.0,-0.24217292785644526,-0.44103115719254204,0.0,0.23872270506317794,-50,50,0,0,1.0,-0.00832948423379562,0.0,0.0071160659014811445,-0.00832948423379562,0.0,0.0071160659014811445,0.0,0.0,0.0,0.0,0.0,0.0,0.0,0,0,0.5014947771684903,0.19233698294873539,2.0299113944304965
1769321233.1438668,0,follower_3,slaf,1.1582410335540771,1.0,-0.6198775172233582,1.350218656493136,1.0,-0.5901112369623378,0.15141725540161133,0.0,-0.20315825939178467,4.345891236646161,0.0,-6.759527529127877,1.5099949438929838,1.0,-0.8099949438929842,0.2524854707717895,0.0,-0.2524854707717895,-0.3517539103389067,0.0,0.19011742666962606,-50,50,0,0,1.0,-0.0013712020730363324,0.0,0.0025657637372687933,-0.0013712020730363324,0.0,0.0025657637372687933,0.0,0.0,0.0,0.0,0.0,0.0,0.0,0,0,0.39984428139238437,0.19427156032190884,0.9506684420765252
1769321233.144291,1,follower_4,slaf,0.9409022927284241,1.0,-1.043210744857788,1.139316290253398,1.0,-1.015569494291243,0.0,0.0,0.0,5.16077695337798,0.0,-6.372780962355132,1.5099949438929838,1.0,-1.4099949438929837,0.2524854707717895,0.0,-0.2524854707717895,-0.5690926511645598,0.0,0.36678419903519566,-50,50,0,0,1.0,0.02592705316004984,0.0,-0.015522998962620632,0.02592705316004984,0.0,-0.015522998962620632,0.0,0.0,0.0,0.0,0.0,0.0,0.0,0,0,0.6770502893222905,0.2003301104345597,2.349178899866103
1769321233.6654243,0,follower_3,slaf,1.2632672786712646,1.0,-0.7432910203933716,1.4529580256900392,1.0,-0.7112468587617263,0.23016929626464844,0.0,-0.2580350637435913,4.858988628543979,0.0,-7.36188306347625,1.644741219823664,1.0,-0.9447412198236644,0.26290123939514154,0.0,-0.26290123939514154,-0.3814739411523993,0.0,0.20145019943029285,-50,50,0,0,1.0,-0.0028857986344591746,0.0,0.0060490324110144544,-0.0028857986344591746,0.0,0.0060490324110144544,0.0,0.0,0.0,0.0,0.0,0.0,0.0,0,0,0.4313983665115678,0.19237829347204358,0.9815891991780147
1769321233.6659858,1,follower_4,slaf,0.9409022927284241,1.0,-1.043210744857788,0.7391106390000013,1.0,-0.5016903216452253,0.0,0.0,0.0,6.450421436014442,0.0,-7.702662970342095,1.644741219823664,1.0,-1.5447412198236639,0.26290123939514154,0.0,-0.26290123939514154,-0.7038389270952399,0.0,0.5015304749658758,-50,50,0,0,1.0,-1.1140235996154257,0.0,1.3984719478495755,-1.1140235996154257,0.0,1.3984719478495755,0.0,0.0,0.0,0.0,0.0,0.0,0.0,0,0,0.8642465230558208,0.5778963923323668,2.652663606596703
1769321234.1788116,0,follower_3,slaf,1.4095370769500732,1.0,-0.8666505813598633,1.5949135217863508,1.0,-0.8276480916054512,0.3171372413635254,0.0,-0.30642449855804443,5.342238926683242,0.0,-8.046939159377374,1.7832075009569242,1.0,-1.0832075009569244,0.27319319725036617,0.0,-0.27319319725036617,-0.3736704240068509,0.0,0.21655691959706114,-50,43,0,0,1.0,-0.0021759900010671074,0.0,0.003167599046354108,-0.0021759900010671074,0.0,0.003167599046354108,0.0,0.0,0.0,0.0,0.0,0.0,0.0,0,0,0.43188712090409426,0.18943500338422276,1.03002437325616
1769321234.1792161,1,follower_4,slaf,0.9409022927284241,1.0,-1.043210744857788,11.362976542101796,1.0,-32.101852111493244,0.0,0.0,0.0,10.181441479864812,0.0,-14.693454477756857,1.7832075009569242,1.0,-1.683207500956924,0.27319319725036617,0.0,-0.27319319725036617,-0.8423052082285001,0.0,0.639996756099136,50,-50,0,0,1.0,32.65807832833835,0.0,-92.06378205458698,32.65807832833835,0.0,-92.06378205458698,0.0,0.0,0.0,0.0,0.0,0.0,0.0,0,0,1.0578628983125713,32.760629346835366,2.4624494447036867
1769321234.6947563,0,follower_3,slaf,1.5787780284881592,1.0,-1.0659488439559937,1.7591253348294218,1.0,-1.021022664891418,0.31685709953308105,0.0,-0.49199581146240234,5.7392868510475274,0.0,-8.572155148416025,1.9273592574351603,1.0,-1.2273592574351606,0.2835124158859253,0.0,-0.2835124158859253,-0.34858122894700116,0.0,0.16141041347916696,-31,39,0,0,1.0,-0.0011673413325959947,0.0,0.0008143289185857938,-0.0011673413325959947,0.0,0.0008143289185857938,0.0,0.0,0.0,0.0,0.0,0.0,0.0,0,0,0.384138249532271,0.18585885093234472,1.0723062024023495
1769321234.6953845,1,follower_4,slaf,0.9409022927284241,1.0,-1.043210744857788,4.157388470353325,1.0,-94.20597250818837,0.0,0.0,0.0,0.40909758065046464,0.0,-20.624845518859523,1.9273592574351603,1.0,-1.8273592574351603,0.2835124158859253,0.0,-0.2835124158859253,-0.9864569647067363,0.0,0.7841485125773722,50,-50,0,0,1.0,11.283942585081334,0.0,-370.7981612275031,11.283942585081334,0.0,-370.7981612275031,0.0,0.0,0.0,0.0,0.0,0.0,0.0,0,0,1.2601532577411894,93.21827054125141,2.005811893540281
1769321235.2104602,0,follower_3,slaf,1.5734522342681885,1.0,-1.0787535905838013,1.7164981275231548,1.0,-0.9789136874690296,-0.12168645858764648,0.0,0.03746390342712402,6.536191627701272,0.0,-9.453358188247625,2.0767622609097107,1.0,-1.376762260909711,0.293826699256897,0.0,-0.293826699256897,-0.5033100266415222,0.0,0.2980086703259097,-50,50,0,0,1.0,-0.00502295562588459,0.0,0.006804762793659602,-0.00502295562588459,0.0,0.006804762793659602,0.0,0.0,0.0,0.0,0.0,0.0,0.0,0,0,0.5849189264396448,0.17444235102485348,1.0665722860048263
1769321235.2109106,1,follower_4,slaf,0.8649370074272156,1.0,-0.10339923948049545,-35.246174596675715,1.0,30.78654942630169,-0.0036662817001342773,0.0,-0.0007781386375427246,52.15115281068525,0.0,-75.02425945697117,2.0767622609097107,1.0,-1.9767622609097106,0.293826699256897,0.0,-0.293826699256897,-1.2118252534824951,0.0,1.8733630214292152,-50,50,0,0,1.0,-0.06545598541269726,0.0,-2.012047674011729,-0.06545598541269726,0.0,-2.012047674011729,0.0,0.0,0.0,0.0,0.0,0.0,0.0,0,0,2.2311453236031737,47.52053566468539,1.141208968690072
1769321235.7275305,0,follower_3,slaf,1.5712687969207764,1.0,-1.0786521434783936,1.7155163065893515,1.0,-0.9830176463076917,0.0049746036529541016,0.0,0.05396842956542969,7.928114435101123,0.0,-10.889220327874128,2.2318593889411993,1.0,-1.5318593889411998,0.30416546821594237,0.0,-0.30416546821594237,-0.6605905920204229,0.0,0.4532072454628062,-50,50,0,0,1.0,-0.003011653877210946,0.0,0.0037591036224897123,-0.003011653877210946,0.0,0.0037591036224897123,0.0,0.0,0.0,0.0,0.0,0.0,0.0,0,0,0.8011096913693387,0.17307022012662562,1.0655222399773816
1769321235.7279892,1,follower_4,slaf,0.8655354976654053,1.0,-0.1153588742017746,-33.26420144275796,1.0,28.410717749487482,0.0038892030715942383,0.0,-0.00014320015907287598,144.09801128703705,0.0,-154.74350491990396,2.2318593889411993,1.0,-2.131859388941199,0.30416546821594237,0.0,-0.30416546821594237,-1.366323891275794,0.0,2.0165005147394246,-50,50,0,0,1.0,0.8470460917659475,0.0,-0.8222110933608455,0.8470460917659475,0.0,-0.8222110933608455,0.0,0.0,0.0,0.0,0.0,0.0,0.0,0,0,2.4357986989518228,44.48118693518744,1.1486535057476326
